countyFips,countyName,section,measureKey,metricName,value,unit,period,periodEnd,marginOfError90,derivation,sourceIds
06001,Alameda,Market,observatory.rental_trends.median_gross_rent,Median gross rent,2357.0,current dollars per month,2024,2024-12-31,16.0,published,['CENSUS_ACS5_BULK']
06013,Contra Costa,Market,observatory.rental_trends.median_gross_rent,Median gross rent,2375.0,current dollars per month,2024,2024-12-31,22.0,published,['CENSUS_ACS5_BULK']
06041,Marin,Market,observatory.rental_trends.median_gross_rent,Median gross rent,2668.0,current dollars per month,2024,2024-12-31,83.0,published,['CENSUS_ACS5_BULK']
06055,Napa,Market,observatory.rental_trends.median_gross_rent,Median gross rent,2237.0,current dollars per month,2024,2024-12-31,56.0,published,['CENSUS_ACS5_BULK']
06075,San Francisco,Market,observatory.rental_trends.median_gross_rent,Median gross rent,2476.0,current dollars per month,2024,2024-12-31,30.0,published,['CENSUS_ACS5_BULK']
06081,San Mateo,Market,observatory.rental_trends.median_gross_rent,Median gross rent,2922.0,current dollars per month,2024,2024-12-31,40.0,published,['CENSUS_ACS5_BULK']
06085,Santa Clara,Market,observatory.rental_trends.median_gross_rent,Median gross rent,2857.0,current dollars per month,2024,2024-12-31,19.0,published,['CENSUS_ACS5_BULK']
06095,Solano,Market,observatory.rental_trends.median_gross_rent,Median gross rent,2163.0,current dollars per month,2024,2024-12-31,31.0,published,['CENSUS_ACS5_BULK']
06097,Sonoma,Market,observatory.rental_trends.median_gross_rent,Median gross rent,2158.0,current dollars per month,2024,2024-12-31,30.0,published,['CENSUS_ACS5_BULK']
06001,Alameda,Market,observatory.home_sales.median_sale_price,"Median sale price, not seasonally adjusted",1126821.0,current dollars,2026-06,2026-06-30,,published,['REDFIN_HMT']
06013,Contra Costa,Market,observatory.home_sales.median_sale_price,"Median sale price, not seasonally adjusted",842623.0,current dollars,2026-06,2026-06-30,,published,['REDFIN_HMT']
06041,Marin,Market,observatory.home_sales.median_sale_price,"Median sale price, not seasonally adjusted",1622921.0,current dollars,2026-06,2026-06-30,,published,['REDFIN_HMT']
06055,Napa,Market,observatory.home_sales.median_sale_price,"Median sale price, not seasonally adjusted",907440.0,current dollars,2026-06,2026-06-30,,published,['REDFIN_HMT']
06075,San Francisco,Market,observatory.home_sales.median_sale_price,"Median sale price, not seasonally adjusted",1695217.0,current dollars,2026-06,2026-06-30,,published,['REDFIN_HMT']
06081,San Mateo,Market,observatory.home_sales.median_sale_price,"Median sale price, not seasonally adjusted",1794936.0,current dollars,2026-06,2026-06-30,,published,['REDFIN_HMT']
06085,Santa Clara,Market,observatory.home_sales.median_sale_price,"Median sale price, not seasonally adjusted",1645358.0,current dollars,2026-06,2026-06-30,,published,['REDFIN_HMT']
06095,Solano,Market,observatory.home_sales.median_sale_price,"Median sale price, not seasonally adjusted",583354.0,current dollars,2026-06,2026-06-30,,published,['REDFIN_HMT']
06097,Sonoma,Market,observatory.home_sales.median_sale_price,"Median sale price, not seasonally adjusted",841350.0,current dollars,2026-06,2026-06-30,,published,['REDFIN_HMT']
06001,Alameda,Market,observatory.affordability_ratios.home_value_to_income_ratio,Median home value to median household income,8.426414773473915,ratio,2024,2024-12-31,,derived,['CENSUS_ACS5_BULK']
06013,Contra Costa,Market,observatory.affordability_ratios.home_value_to_income_ratio,Median home value to median household income,6.8129121505317185,ratio,2024,2024-12-31,,derived,['CENSUS_ACS5_BULK']
06041,Marin,Market,observatory.affordability_ratios.home_value_to_income_ratio,Median home value to median household income,10.109932859797036,ratio,2024,2024-12-31,,derived,['CENSUS_ACS5_BULK']
06055,Napa,Market,observatory.affordability_ratios.home_value_to_income_ratio,Median home value to median household income,7.800235038709619,ratio,2024,2024-12-31,,derived,['CENSUS_ACS5_BULK']
06075,San Francisco,Market,observatory.affordability_ratios.home_value_to_income_ratio,Median home value to median household income,9.892175640207137,ratio,2024,2024-12-31,,derived,['CENSUS_ACS5_BULK']
06081,San Mateo,Market,observatory.affordability_ratios.home_value_to_income_ratio,Median home value to median household income,9.81775833307104,ratio,2024,2024-12-31,,derived,['CENSUS_ACS5_BULK']
06085,Santa Clara,Market,observatory.affordability_ratios.home_value_to_income_ratio,Median home value to median household income,9.073477760666176,ratio,2024,2024-12-31,,derived,['CENSUS_ACS5_BULK']
06095,Solano,Market,observatory.affordability_ratios.home_value_to_income_ratio,Median home value to median household income,6.152329160068127,ratio,2024,2024-12-31,,derived,['CENSUS_ACS5_BULK']
06097,Sonoma,Market,observatory.affordability_ratios.home_value_to_income_ratio,Median home value to median household income,7.790855417773277,ratio,2024,2024-12-31,,derived,['CENSUS_ACS5_BULK']
06001,Alameda,Access,observatory.cost_burden.renter_cost_burden_30_plus_pct,Renters spending at least 30% of income on rent,50.40199983897003,percent,2024,2024-12-31,,derived,['CENSUS_ACS5_BULK']
06013,Contra Costa,Access,observatory.cost_burden.renter_cost_burden_30_plus_pct,Renters spending at least 30% of income on rent,56.13023934293665,percent,2024,2024-12-31,,derived,['CENSUS_ACS5_BULK']
06041,Marin,Access,observatory.cost_burden.renter_cost_burden_30_plus_pct,Renters spending at least 30% of income on rent,55.567735979690745,percent,2024,2024-12-31,,derived,['CENSUS_ACS5_BULK']
06055,Napa,Access,observatory.cost_burden.renter_cost_burden_30_plus_pct,Renters spending at least 30% of income on rent,54.84820500981185,percent,2024,2024-12-31,,derived,['CENSUS_ACS5_BULK']
06075,San Francisco,Access,observatory.cost_burden.renter_cost_burden_30_plus_pct,Renters spending at least 30% of income on rent,39.61429656660561,percent,2024,2024-12-31,,derived,['CENSUS_ACS5_BULK']
06081,San Mateo,Access,observatory.cost_burden.renter_cost_burden_30_plus_pct,Renters spending at least 30% of income on rent,48.40015200456014,percent,2024,2024-12-31,,derived,['CENSUS_ACS5_BULK']
06085,Santa Clara,Access,observatory.cost_burden.renter_cost_burden_30_plus_pct,Renters spending at least 30% of income on rent,45.03393530183819,percent,2024,2024-12-31,,derived,['CENSUS_ACS5_BULK']
06095,Solano,Access,observatory.cost_burden.renter_cost_burden_30_plus_pct,Renters spending at least 30% of income on rent,60.19184219083059,percent,2024,2024-12-31,,derived,['CENSUS_ACS5_BULK']
06097,Sonoma,Access,observatory.cost_burden.renter_cost_burden_30_plus_pct,Renters spending at least 30% of income on rent,54.80410655652458,percent,2024,2024-12-31,,derived,['CENSUS_ACS5_BULK']
06001,Alameda,Access,access.eviction_filings.unlawful_detainer_filings_per_1000_renter_households,"Limited civil unlawful-detainer filings per 1,000 renter households",23.274168976340373,"filings per 1,000 renter households",FY2023-24,2024-06-30,,derived,"['CA_COURTS_COURT_STATISTICS', 'CENSUS_ACS5_BULK']"
06013,Contra Costa,Access,access.eviction_filings.unlawful_detainer_filings_per_1000_renter_households,"Limited civil unlawful-detainer filings per 1,000 renter households",27.096648216713103,"filings per 1,000 renter households",FY2023-24,2024-06-30,,derived,"['CA_COURTS_COURT_STATISTICS', 'CENSUS_ACS5_BULK']"
06041,Marin,Access,access.eviction_filings.unlawful_detainer_filings_per_1000_renter_households,"Limited civil unlawful-detainer filings per 1,000 renter households",10.972796050866556,"filings per 1,000 renter households",FY2023-24,2024-06-30,,derived,"['CA_COURTS_COURT_STATISTICS', 'CENSUS_ACS5_BULK']"
06055,Napa,Access,access.eviction_filings.unlawful_detainer_filings_per_1000_renter_households,"Limited civil unlawful-detainer filings per 1,000 renter households",13.915601312365652,"filings per 1,000 renter households",FY2023-24,2024-06-30,,derived,"['CA_COURTS_COURT_STATISTICS', 'CENSUS_ACS5_BULK']"
06075,San Francisco,Access,access.eviction_filings.unlawful_detainer_filings_per_1000_renter_households,"Limited civil unlawful-detainer filings per 1,000 renter households",12.46861549497848,"filings per 1,000 renter households",FY2023-24,2024-06-30,,derived,"['CA_COURTS_COURT_STATISTICS', 'CENSUS_ACS5_BULK']"
06081,San Mateo,Access,access.eviction_filings.unlawful_detainer_filings_per_1000_renter_households,"Limited civil unlawful-detainer filings per 1,000 renter households",14.48511739693104,"filings per 1,000 renter households",FY2023-24,2024-06-30,,derived,"['CA_COURTS_COURT_STATISTICS', 'CENSUS_ACS5_BULK']"
06085,Santa Clara,Access,access.eviction_filings.unlawful_detainer_filings_per_1000_renter_households,"Limited civil unlawful-detainer filings per 1,000 renter households",13.853710558967995,"filings per 1,000 renter households",FY2023-24,2024-06-30,,derived,"['CA_COURTS_COURT_STATISTICS', 'CENSUS_ACS5_BULK']"
06095,Solano,Access,access.eviction_filings.unlawful_detainer_filings_per_1000_renter_households,"Limited civil unlawful-detainer filings per 1,000 renter households",32.74567987432361,"filings per 1,000 renter households",FY2023-24,2024-06-30,,derived,"['CA_COURTS_COURT_STATISTICS', 'CENSUS_ACS5_BULK']"
06097,Sonoma,Access,access.eviction_filings.unlawful_detainer_filings_per_1000_renter_households,"Limited civil unlawful-detainer filings per 1,000 renter households",12.317904706356149,"filings per 1,000 renter households",FY2023-24,2024-06-30,,derived,"['CA_COURTS_COURT_STATISTICS', 'CENSUS_ACS5_BULK']"
06001,Alameda,Access,access.displacement_pressure.renter_severe_cost_burden_50_plus_pct,Renters spending at least 50% of income on rent,26.217597509403,percent,2024,2024-12-31,,derived,['CENSUS_ACS5_BULK']
06013,Contra Costa,Access,access.displacement_pressure.renter_severe_cost_burden_50_plus_pct,Renters spending at least 50% of income on rent,28.12338964776394,percent,2024,2024-12-31,,derived,['CENSUS_ACS5_BULK']
06041,Marin,Access,access.displacement_pressure.renter_severe_cost_burden_50_plus_pct,Renters spending at least 50% of income on rent,31.18220632356335,percent,2024,2024-12-31,,derived,['CENSUS_ACS5_BULK']
06055,Napa,Access,access.displacement_pressure.renter_severe_cost_burden_50_plus_pct,Renters spending at least 50% of income on rent,26.630497518180768,percent,2024,2024-12-31,,derived,['CENSUS_ACS5_BULK']
06075,San Francisco,Access,access.displacement_pressure.renter_severe_cost_burden_50_plus_pct,Renters spending at least 50% of income on rent,19.7707963405711,percent,2024,2024-12-31,,derived,['CENSUS_ACS5_BULK']
06081,San Mateo,Access,access.displacement_pressure.renter_severe_cost_burden_50_plus_pct,Renters spending at least 50% of income on rent,24.94679840395212,percent,2024,2024-12-31,,derived,['CENSUS_ACS5_BULK']
06085,Santa Clara,Access,access.displacement_pressure.renter_severe_cost_burden_50_plus_pct,Renters spending at least 50% of income on rent,21.00339002084547,percent,2024,2024-12-31,,derived,['CENSUS_ACS5_BULK']
06095,Solano,Access,access.displacement_pressure.renter_severe_cost_burden_50_plus_pct,Renters spending at least 50% of income on rent,30.942230571913726,percent,2024,2024-12-31,,derived,['CENSUS_ACS5_BULK']
06097,Sonoma,Access,access.displacement_pressure.renter_severe_cost_burden_50_plus_pct,Renters spending at least 50% of income on rent,26.300384803957982,percent,2024,2024-12-31,,derived,['CENSUS_ACS5_BULK']
06001,Alameda,Access,access.homelessness.pit_overall_homeless,PIT overall homelessness estimate,9262.0,people,2025,2025-01-31,,published,['HUD_PIT']
06013,Contra Costa,Access,access.homelessness.pit_overall_homeless,PIT overall homelessness estimate,2118.0,people,2025,2025-01-31,,published,['HUD_PIT']
06041,Marin,Access,access.homelessness.pit_overall_homeless,PIT overall homelessness estimate,1081.0,people,2025,2025-01-31,,published,['HUD_PIT']
06055,Napa,Access,access.homelessness.pit_overall_homeless,PIT overall homelessness estimate,374.0,people,2025,2025-01-31,,published,['HUD_PIT']
06075,San Francisco,Access,access.homelessness.pit_overall_homeless,PIT overall homelessness estimate,8671.0,people,2025,2025-01-31,,published,['HUD_PIT']
06081,San Mateo,Access,access.homelessness.pit_overall_homeless,PIT overall homelessness estimate,2147.0,people,2025,2025-01-31,,published,['HUD_PIT']
06085,Santa Clara,Access,access.homelessness.pit_overall_homeless,PIT overall homelessness estimate,10711.0,people,2025,2025-01-31,,published,['HUD_PIT']
06095,Solano,Access,access.homelessness.pit_overall_homeless,PIT overall homelessness estimate,1664.0,people,2025,2025-01-31,,published,['HUD_PIT']
06097,Sonoma,Access,access.homelessness.pit_overall_homeless,PIT overall homelessness estimate,1952.0,people,2025,2025-01-31,,published,['HUD_PIT']
06001,Alameda,Economic connection,access.worker_housing_access.median_worker_earnings_coverage_2br_pct,Median worker earnings as share of income required for 2-bedroom FMR,58.003949175824175,percent,FY2026,2026-09-30,,derived,"['CENSUS_ACS5_BULK', 'HUD_FMR']"
06013,Contra Costa,Economic connection,access.worker_housing_access.median_worker_earnings_coverage_2br_pct,Median worker earnings as share of income required for 2-bedroom FMR,53.24433379120879,percent,FY2026,2026-09-30,,derived,"['CENSUS_ACS5_BULK', 'HUD_FMR']"
06041,Marin,Economic connection,access.worker_housing_access.median_worker_earnings_coverage_2br_pct,Median worker earnings as share of income required for 2-bedroom FMR,48.762486126526085,percent,FY2026,2026-09-30,,derived,"['CENSUS_ACS5_BULK', 'HUD_FMR']"
06055,Napa,Economic connection,access.worker_housing_access.median_worker_earnings_coverage_2br_pct,Median worker earnings as share of income required for 2-bedroom FMR,40.911764705882355,percent,FY2026,2026-09-30,,derived,"['CENSUS_ACS5_BULK', 'HUD_FMR']"
06075,San Francisco,Economic connection,access.worker_housing_access.median_worker_earnings_coverage_2br_pct,Median worker earnings as share of income required for 2-bedroom FMR,59.16134850166481,percent,FY2026,2026-09-30,,derived,"['CENSUS_ACS5_BULK', 'HUD_FMR']"
06081,San Mateo,Economic connection,access.worker_housing_access.median_worker_earnings_coverage_2br_pct,Median worker earnings as share of income required for 2-bedroom FMR,51.26179245283019,percent,FY2026,2026-09-30,,derived,"['CENSUS_ACS5_BULK', 'HUD_FMR']"
06085,Santa Clara,Economic connection,access.worker_housing_access.median_worker_earnings_coverage_2br_pct,Median worker earnings as share of income required for 2-bedroom FMR,55.46798736721217,percent,FY2026,2026-09-30,,derived,"['CENSUS_ACS5_BULK', 'HUD_FMR']"
06095,Solano,Economic connection,access.worker_housing_access.median_worker_earnings_coverage_2br_pct,Median worker earnings as share of income required for 2-bedroom FMR,58.76606978879706,percent,FY2026,2026-09-30,,derived,"['CENSUS_ACS5_BULK', 'HUD_FMR']"
06097,Sonoma,Economic connection,access.worker_housing_access.median_worker_earnings_coverage_2br_pct,Median worker earnings as share of income required for 2-bedroom FMR,46.0399717014503,percent,FY2026,2026-09-30,,derived,"['CENSUS_ACS5_BULK', 'HUD_FMR']"
06001,Alameda,Production,production.production_pipeline.completed_units,Completed units / certificates of occupancy,4851.0,housing units,2025,2025-12-31,,aggregated,['CA_HCD_APR_TABLE_A2']
06013,Contra Costa,Production,production.production_pipeline.completed_units,Completed units / certificates of occupancy,2518.0,housing units,2025,2025-12-31,,aggregated,['CA_HCD_APR_TABLE_A2']
06041,Marin,Production,production.production_pipeline.completed_units,Completed units / certificates of occupancy,533.0,housing units,2025,2025-12-31,,aggregated,['CA_HCD_APR_TABLE_A2']
06055,Napa,Production,production.production_pipeline.completed_units,Completed units / certificates of occupancy,475.0,housing units,2025,2025-12-31,,aggregated,['CA_HCD_APR_TABLE_A2']
06075,San Francisco,Production,production.production_pipeline.completed_units,Completed units / certificates of occupancy,2844.0,housing units,2025,2025-12-31,,aggregated,['CA_HCD_APR_TABLE_A2']
06081,San Mateo,Production,production.production_pipeline.completed_units,Completed units / certificates of occupancy,1592.0,housing units,2025,2025-12-31,,aggregated,['CA_HCD_APR_TABLE_A2']
06085,Santa Clara,Production,production.production_pipeline.completed_units,Completed units / certificates of occupancy,9198.0,housing units,2025,2025-12-31,,aggregated,['CA_HCD_APR_TABLE_A2']
06095,Solano,Production,production.production_pipeline.completed_units,Completed units / certificates of occupancy,1347.0,housing units,2025,2025-12-31,,aggregated,['CA_HCD_APR_TABLE_A2']
06097,Sonoma,Production,production.production_pipeline.completed_units,Completed units / certificates of occupancy,1690.0,housing units,2025,2025-12-31,,aggregated,['CA_HCD_APR_TABLE_A2']
06001,Alameda,Production,production.rhna_delivery.rhna_completion_progress_pct,Completion count as share of sixth-cycle RHNA,17.71969841680057,percent,2023-2025,2025-12-31,,derived,"['CA_HCD_RHNA', 'CA_HCD_APR_TABLE_A2']"
06013,Contra Costa,Production,production.rhna_delivery.rhna_completion_progress_pct,Completion count as share of sixth-cycle RHNA,14.53418428725812,percent,2023-2025,2025-12-31,,derived,"['CA_HCD_RHNA', 'CA_HCD_APR_TABLE_A2']"
06041,Marin,Production,production.rhna_delivery.rhna_completion_progress_pct,Completion count as share of sixth-cycle RHNA,8.941339812565081,percent,2023-2025,2025-12-31,,derived,"['CA_HCD_RHNA', 'CA_HCD_APR_TABLE_A2']"
06055,Napa,Production,production.rhna_delivery.rhna_completion_progress_pct,Completion count as share of sixth-cycle RHNA,30.697190426638915,percent,2023-2025,2025-12-31,,derived,"['CA_HCD_RHNA', 'CA_HCD_APR_TABLE_A2']"
06075,San Francisco,Production,production.rhna_delivery.rhna_completion_progress_pct,Completion count as share of sixth-cycle RHNA,8.769450096869708,percent,2023-2025,2025-12-31,,derived,"['CA_HCD_RHNA', 'CA_HCD_APR_TABLE_A2']"
06081,San Mateo,Production,production.rhna_delivery.rhna_completion_progress_pct,Completion count as share of sixth-cycle RHNA,11.961331180405562,percent,2023-2025,2025-12-31,,derived,"['CA_HCD_RHNA', 'CA_HCD_APR_TABLE_A2']"
06085,Santa Clara,Production,production.rhna_delivery.rhna_completion_progress_pct,Completion count as share of sixth-cycle RHNA,14.333562283429929,percent,2023-2025,2025-12-31,,derived,"['CA_HCD_RHNA', 'CA_HCD_APR_TABLE_A2']"
06095,Solano,Production,production.rhna_delivery.rhna_completion_progress_pct,Completion count as share of sixth-cycle RHNA,30.331149927219798,percent,2023-2025,2025-12-31,,derived,"['CA_HCD_RHNA', 'CA_HCD_APR_TABLE_A2']"
06097,Sonoma,Production,production.rhna_delivery.rhna_completion_progress_pct,Completion count as share of sixth-cycle RHNA,33.51874742480428,percent,2023-2025,2025-12-31,,derived,"['CA_HCD_RHNA', 'CA_HCD_APR_TABLE_A2']"
06001,Alameda,Production,production.permitting_timelines.matched_application_to_completion_median_days,Matched application-to-completion median,442.0,days,2018-2025 matched records,2025-12-31,,derived,"['CA_HCD_APR_TABLE_A', 'CA_HCD_APR_TABLE_A2']"
06013,Contra Costa,Production,production.permitting_timelines.matched_application_to_completion_median_days,Matched application-to-completion median,440.0,days,2018-2025 matched records,2025-12-31,,derived,"['CA_HCD_APR_TABLE_A', 'CA_HCD_APR_TABLE_A2']"
06041,Marin,Production,production.permitting_timelines.matched_application_to_completion_median_days,Matched application-to-completion median,583.0,days,2018-2025 matched records,2025-12-31,,derived,"['CA_HCD_APR_TABLE_A', 'CA_HCD_APR_TABLE_A2']"
06055,Napa,Production,production.permitting_timelines.matched_application_to_completion_median_days,Matched application-to-completion median,625.0,days,2018-2025 matched records,2025-12-31,,derived,"['CA_HCD_APR_TABLE_A', 'CA_HCD_APR_TABLE_A2']"
06075,San Francisco,Production,production.permitting_timelines.matched_application_to_completion_median_days,Matched application-to-completion median,949.5,days,2018-2025 matched records,2025-12-31,,derived,"['CA_HCD_APR_TABLE_A', 'CA_HCD_APR_TABLE_A2']"
06081,San Mateo,Production,production.permitting_timelines.matched_application_to_completion_median_days,Matched application-to-completion median,580.0,days,2018-2025 matched records,2025-12-31,,derived,"['CA_HCD_APR_TABLE_A', 'CA_HCD_APR_TABLE_A2']"
06085,Santa Clara,Production,production.permitting_timelines.matched_application_to_completion_median_days,Matched application-to-completion median,541.0,days,2018-2025 matched records,2025-12-31,,derived,"['CA_HCD_APR_TABLE_A', 'CA_HCD_APR_TABLE_A2']"
06095,Solano,Production,production.permitting_timelines.matched_application_to_completion_median_days,Matched application-to-completion median,323.0,days,2018-2025 matched records,2025-12-31,,derived,"['CA_HCD_APR_TABLE_A', 'CA_HCD_APR_TABLE_A2']"
06097,Sonoma,Production,production.permitting_timelines.matched_application_to_completion_median_days,Matched application-to-completion median,549.0,days,2018-2025 matched records,2025-12-31,,derived,"['CA_HCD_APR_TABLE_A', 'CA_HCD_APR_TABLE_A2']"
06001,Alameda,Economic connection,equity.commuting_and_job_access.worked_from_home_pct,Workers working from home,25.72292272,percent,2024,2024-12-31,0.45637269,derived,['CENSUS_ACS5_DETAIL']
06013,Contra Costa,Economic connection,equity.commuting_and_job_access.worked_from_home_pct,Workers working from home,21.28352789,percent,2024,2024-12-31,0.48271495,derived,['CENSUS_ACS5_DETAIL']
06041,Marin,Economic connection,equity.commuting_and_job_access.worked_from_home_pct,Workers working from home,31.46419474,percent,2024,2024-12-31,1.04036303,derived,['CENSUS_ACS5_DETAIL']
06055,Napa,Economic connection,equity.commuting_and_job_access.worked_from_home_pct,Workers working from home,14.55581731,percent,2024,2024-12-31,1.04548819,derived,['CENSUS_ACS5_DETAIL']
06075,San Francisco,Economic connection,equity.commuting_and_job_access.worked_from_home_pct,Workers working from home,31.00079762,percent,2024,2024-12-31,0.63382128,derived,['CENSUS_ACS5_DETAIL']
06081,San Mateo,Economic connection,equity.commuting_and_job_access.worked_from_home_pct,Workers working from home,24.25330543,percent,2024,2024-12-31,0.57127071,derived,['CENSUS_ACS5_DETAIL']
06085,Santa Clara,Economic connection,equity.commuting_and_job_access.worked_from_home_pct,Workers working from home,23.87581248,percent,2024,2024-12-31,0.43927513,derived,['CENSUS_ACS5_DETAIL']
06095,Solano,Economic connection,equity.commuting_and_job_access.worked_from_home_pct,Workers working from home,12.24886838,percent,2024,2024-12-31,0.79849913,derived,['CENSUS_ACS5_DETAIL']
06097,Sonoma,Economic connection,equity.commuting_and_job_access.worked_from_home_pct,Workers working from home,15.91767722,percent,2024,2024-12-31,0.58629629,derived,['CENSUS_ACS5_DETAIL']
06001,Alameda,Economic connection,equity.commuting_and_job_access.public_transport_commute_pct,Workers using public transportation,7.68278948,percent,2024,2024-12-31,0.27302417,derived,['CENSUS_ACS5_DETAIL']
06013,Contra Costa,Economic connection,equity.commuting_and_job_access.public_transport_commute_pct,Workers using public transportation,5.38131462,percent,2024,2024-12-31,0.33377796,derived,['CENSUS_ACS5_DETAIL']
06041,Marin,Economic connection,equity.commuting_and_job_access.public_transport_commute_pct,Workers using public transportation,3.61592864,percent,2024,2024-12-31,0.47005562,derived,['CENSUS_ACS5_DETAIL']
06055,Napa,Economic connection,equity.commuting_and_job_access.public_transport_commute_pct,Workers using public transportation,1.14294399,percent,2024,2024-12-31,0.33536139,derived,['CENSUS_ACS5_DETAIL']
06075,San Francisco,Economic connection,equity.commuting_and_job_access.public_transport_commute_pct,Workers using public transportation,18.73011312,percent,2024,2024-12-31,0.51962697,derived,['CENSUS_ACS5_DETAIL']
06081,San Mateo,Economic connection,equity.commuting_and_job_access.public_transport_commute_pct,Workers using public transportation,5.06376838,percent,2024,2024-12-31,0.34460529,derived,['CENSUS_ACS5_DETAIL']
06085,Santa Clara,Economic connection,equity.commuting_and_job_access.public_transport_commute_pct,Workers using public transportation,2.33346038,percent,2024,2024-12-31,0.13372298,derived,['CENSUS_ACS5_DETAIL']
06095,Solano,Economic connection,equity.commuting_and_job_access.public_transport_commute_pct,Workers using public transportation,1.4566856,percent,2024,2024-12-31,0.24977647,derived,['CENSUS_ACS5_DETAIL']
06097,Sonoma,Economic connection,equity.commuting_and_job_access.public_transport_commute_pct,Workers using public transportation,1.10556408,percent,2024,2024-12-31,0.15685309,derived,['CENSUS_ACS5_DETAIL']
06001,Alameda,Economic connection,equity.commuting_and_job_access.inbound_job_share_pct,Inbound share of primary jobs,57.38697201,percent,2023,2023-12-31,,derived,['CENSUS_LEHD_LODES']
06013,Contra Costa,Economic connection,equity.commuting_and_job_access.inbound_job_share_pct,Inbound share of primary jobs,51.52697062,percent,2023,2023-12-31,,derived,['CENSUS_LEHD_LODES']
06041,Marin,Economic connection,equity.commuting_and_job_access.inbound_job_share_pct,Inbound share of primary jobs,63.96544923,percent,2023,2023-12-31,,derived,['CENSUS_LEHD_LODES']
06055,Napa,Economic connection,equity.commuting_and_job_access.inbound_job_share_pct,Inbound share of primary jobs,55.91198848,percent,2023,2023-12-31,,derived,['CENSUS_LEHD_LODES']
06075,San Francisco,Economic connection,equity.commuting_and_job_access.inbound_job_share_pct,Inbound share of primary jobs,66.52466525,percent,2023,2023-12-31,,derived,['CENSUS_LEHD_LODES']
06081,San Mateo,Economic connection,equity.commuting_and_job_access.inbound_job_share_pct,Inbound share of primary jobs,67.40209922,percent,2023,2023-12-31,,derived,['CENSUS_LEHD_LODES']
06085,Santa Clara,Economic connection,equity.commuting_and_job_access.inbound_job_share_pct,Inbound share of primary jobs,43.76625743,percent,2023,2023-12-31,,derived,['CENSUS_LEHD_LODES']
06095,Solano,Economic connection,equity.commuting_and_job_access.inbound_job_share_pct,Inbound share of primary jobs,51.45733125,percent,2023,2023-12-31,,derived,['CENSUS_LEHD_LODES']
06097,Sonoma,Economic connection,equity.commuting_and_job_access.inbound_job_share_pct,Inbound share of primary jobs,32.85134985,percent,2023,2023-12-31,,derived,['CENSUS_LEHD_LODES']
06001,Alameda,Economic connection,equity.commuting_and_job_access.local_resident_job_share_pct,Same-county resident share of primary jobs,42.61302799,percent,2023,2023-12-31,,derived,['CENSUS_LEHD_LODES']
06013,Contra Costa,Economic connection,equity.commuting_and_job_access.local_resident_job_share_pct,Same-county resident share of primary jobs,48.47302938,percent,2023,2023-12-31,,derived,['CENSUS_LEHD_LODES']
06041,Marin,Economic connection,equity.commuting_and_job_access.local_resident_job_share_pct,Same-county resident share of primary jobs,36.03455077,percent,2023,2023-12-31,,derived,['CENSUS_LEHD_LODES']
06055,Napa,Economic connection,equity.commuting_and_job_access.local_resident_job_share_pct,Same-county resident share of primary jobs,44.08801152,percent,2023,2023-12-31,,derived,['CENSUS_LEHD_LODES']
06075,San Francisco,Economic connection,equity.commuting_and_job_access.local_resident_job_share_pct,Same-county resident share of primary jobs,33.47533475,percent,2023,2023-12-31,,derived,['CENSUS_LEHD_LODES']
06081,San Mateo,Economic connection,equity.commuting_and_job_access.local_resident_job_share_pct,Same-county resident share of primary jobs,32.59790078,percent,2023,2023-12-31,,derived,['CENSUS_LEHD_LODES']
06085,Santa Clara,Economic connection,equity.commuting_and_job_access.local_resident_job_share_pct,Same-county resident share of primary jobs,56.23374257,percent,2023,2023-12-31,,derived,['CENSUS_LEHD_LODES']
06095,Solano,Economic connection,equity.commuting_and_job_access.local_resident_job_share_pct,Same-county resident share of primary jobs,48.54266875,percent,2023,2023-12-31,,derived,['CENSUS_LEHD_LODES']
06097,Sonoma,Economic connection,equity.commuting_and_job_access.local_resident_job_share_pct,Same-county resident share of primary jobs,67.14865015,percent,2023,2023-12-31,,derived,['CENSUS_LEHD_LODES']
