measureKey,metricName,countyFips,countyName,value,unit,period,periodEnd,marginOfError90,derivation,formula,sourceIds
observatory.rental_trends.median_gross_rent,Median gross rent,06001,Alameda,2357.0,current dollars per month,2024,2024-12-31,16.0,published,published,['CENSUS_ACS5_BULK']
observatory.rental_trends.median_gross_rent,Median gross rent,06013,Contra Costa,2375.0,current dollars per month,2024,2024-12-31,22.0,published,published,['CENSUS_ACS5_BULK']
observatory.rental_trends.median_gross_rent,Median gross rent,06041,Marin,2668.0,current dollars per month,2024,2024-12-31,83.0,published,published,['CENSUS_ACS5_BULK']
observatory.rental_trends.median_gross_rent,Median gross rent,06055,Napa,2237.0,current dollars per month,2024,2024-12-31,56.0,published,published,['CENSUS_ACS5_BULK']
observatory.rental_trends.median_gross_rent,Median gross rent,06075,San Francisco,2476.0,current dollars per month,2024,2024-12-31,30.0,published,published,['CENSUS_ACS5_BULK']
observatory.rental_trends.median_gross_rent,Median gross rent,06081,San Mateo,2922.0,current dollars per month,2024,2024-12-31,40.0,published,published,['CENSUS_ACS5_BULK']
observatory.rental_trends.median_gross_rent,Median gross rent,06085,Santa Clara,2857.0,current dollars per month,2024,2024-12-31,19.0,published,published,['CENSUS_ACS5_BULK']
observatory.rental_trends.median_gross_rent,Median gross rent,06095,Solano,2163.0,current dollars per month,2024,2024-12-31,31.0,published,published,['CENSUS_ACS5_BULK']
observatory.rental_trends.median_gross_rent,Median gross rent,06097,Sonoma,2158.0,current dollars per month,2024,2024-12-31,30.0,published,published,['CENSUS_ACS5_BULK']
observatory.home_sales.median_sale_price,"Median sale price, not seasonally adjusted",06001,Alameda,1126821.0,current dollars,2026-06,2026-06-30,,published,published,['REDFIN_HMT']
observatory.home_sales.median_sale_price,"Median sale price, not seasonally adjusted",06013,Contra Costa,842623.0,current dollars,2026-06,2026-06-30,,published,published,['REDFIN_HMT']
observatory.home_sales.median_sale_price,"Median sale price, not seasonally adjusted",06041,Marin,1622921.0,current dollars,2026-06,2026-06-30,,published,published,['REDFIN_HMT']
observatory.home_sales.median_sale_price,"Median sale price, not seasonally adjusted",06055,Napa,907440.0,current dollars,2026-06,2026-06-30,,published,published,['REDFIN_HMT']
observatory.home_sales.median_sale_price,"Median sale price, not seasonally adjusted",06075,San Francisco,1695217.0,current dollars,2026-06,2026-06-30,,published,published,['REDFIN_HMT']
observatory.home_sales.median_sale_price,"Median sale price, not seasonally adjusted",06081,San Mateo,1794936.0,current dollars,2026-06,2026-06-30,,published,published,['REDFIN_HMT']
observatory.home_sales.median_sale_price,"Median sale price, not seasonally adjusted",06085,Santa Clara,1645358.0,current dollars,2026-06,2026-06-30,,published,published,['REDFIN_HMT']
observatory.home_sales.median_sale_price,"Median sale price, not seasonally adjusted",06095,Solano,583354.0,current dollars,2026-06,2026-06-30,,published,published,['REDFIN_HMT']
observatory.home_sales.median_sale_price,"Median sale price, not seasonally adjusted",06097,Sonoma,841350.0,current dollars,2026-06,2026-06-30,,published,published,['REDFIN_HMT']
observatory.affordability_ratios.home_value_to_income_ratio,Median home value to median household income,06001,Alameda,8.426414773473915,ratio,2024,2024-12-31,,derived,median owner-reported home value divided by median household income,['CENSUS_ACS5_BULK']
observatory.affordability_ratios.home_value_to_income_ratio,Median home value to median household income,06013,Contra Costa,6.8129121505317185,ratio,2024,2024-12-31,,derived,median owner-reported home value divided by median household income,['CENSUS_ACS5_BULK']
observatory.affordability_ratios.home_value_to_income_ratio,Median home value to median household income,06041,Marin,10.109932859797036,ratio,2024,2024-12-31,,derived,median owner-reported home value divided by median household income,['CENSUS_ACS5_BULK']
observatory.affordability_ratios.home_value_to_income_ratio,Median home value to median household income,06055,Napa,7.800235038709619,ratio,2024,2024-12-31,,derived,median owner-reported home value divided by median household income,['CENSUS_ACS5_BULK']
observatory.affordability_ratios.home_value_to_income_ratio,Median home value to median household income,06075,San Francisco,9.892175640207137,ratio,2024,2024-12-31,,derived,median owner-reported home value divided by median household income,['CENSUS_ACS5_BULK']
observatory.affordability_ratios.home_value_to_income_ratio,Median home value to median household income,06081,San Mateo,9.81775833307104,ratio,2024,2024-12-31,,derived,median owner-reported home value divided by median household income,['CENSUS_ACS5_BULK']
observatory.affordability_ratios.home_value_to_income_ratio,Median home value to median household income,06085,Santa Clara,9.073477760666176,ratio,2024,2024-12-31,,derived,median owner-reported home value divided by median household income,['CENSUS_ACS5_BULK']
observatory.affordability_ratios.home_value_to_income_ratio,Median home value to median household income,06095,Solano,6.152329160068127,ratio,2024,2024-12-31,,derived,median owner-reported home value divided by median household income,['CENSUS_ACS5_BULK']
observatory.affordability_ratios.home_value_to_income_ratio,Median home value to median household income,06097,Sonoma,7.790855417773277,ratio,2024,2024-12-31,,derived,median owner-reported home value divided by median household income,['CENSUS_ACS5_BULK']
observatory.cost_burden.renter_cost_burden_30_plus_pct,Renters spending at least 30% of income on rent,06001,Alameda,50.40199983897003,percent,2024,2024-12-31,,derived,"B25070 categories 30–34.9%, 35–39.9%, 40–49.9%, and 50%+ divided by computed cases",['CENSUS_ACS5_BULK']
observatory.cost_burden.renter_cost_burden_30_plus_pct,Renters spending at least 30% of income on rent,06013,Contra Costa,56.13023934293665,percent,2024,2024-12-31,,derived,"B25070 categories 30–34.9%, 35–39.9%, 40–49.9%, and 50%+ divided by computed cases",['CENSUS_ACS5_BULK']
observatory.cost_burden.renter_cost_burden_30_plus_pct,Renters spending at least 30% of income on rent,06041,Marin,55.567735979690745,percent,2024,2024-12-31,,derived,"B25070 categories 30–34.9%, 35–39.9%, 40–49.9%, and 50%+ divided by computed cases",['CENSUS_ACS5_BULK']
observatory.cost_burden.renter_cost_burden_30_plus_pct,Renters spending at least 30% of income on rent,06055,Napa,54.84820500981185,percent,2024,2024-12-31,,derived,"B25070 categories 30–34.9%, 35–39.9%, 40–49.9%, and 50%+ divided by computed cases",['CENSUS_ACS5_BULK']
observatory.cost_burden.renter_cost_burden_30_plus_pct,Renters spending at least 30% of income on rent,06075,San Francisco,39.61429656660561,percent,2024,2024-12-31,,derived,"B25070 categories 30–34.9%, 35–39.9%, 40–49.9%, and 50%+ divided by computed cases",['CENSUS_ACS5_BULK']
observatory.cost_burden.renter_cost_burden_30_plus_pct,Renters spending at least 30% of income on rent,06081,San Mateo,48.40015200456014,percent,2024,2024-12-31,,derived,"B25070 categories 30–34.9%, 35–39.9%, 40–49.9%, and 50%+ divided by computed cases",['CENSUS_ACS5_BULK']
observatory.cost_burden.renter_cost_burden_30_plus_pct,Renters spending at least 30% of income on rent,06085,Santa Clara,45.03393530183819,percent,2024,2024-12-31,,derived,"B25070 categories 30–34.9%, 35–39.9%, 40–49.9%, and 50%+ divided by computed cases",['CENSUS_ACS5_BULK']
observatory.cost_burden.renter_cost_burden_30_plus_pct,Renters spending at least 30% of income on rent,06095,Solano,60.19184219083059,percent,2024,2024-12-31,,derived,"B25070 categories 30–34.9%, 35–39.9%, 40–49.9%, and 50%+ divided by computed cases",['CENSUS_ACS5_BULK']
observatory.cost_burden.renter_cost_burden_30_plus_pct,Renters spending at least 30% of income on rent,06097,Sonoma,54.80410655652458,percent,2024,2024-12-31,,derived,"B25070 categories 30–34.9%, 35–39.9%, 40–49.9%, and 50%+ divided by computed cases",['CENSUS_ACS5_BULK']
access.eviction_filings.unlawful_detainer_filings_per_1000_renter_households,"Limited civil unlawful-detainer filings per 1,000 renter households",06001,Alameda,23.274168976340373,"filings per 1,000 renter households",FY2023-24,2024-06-30,,derived,"limited civil unlawful-detainer filings divided by same-vintage ACS renter households, multiplied by 1,000","['CA_COURTS_COURT_STATISTICS', 'CENSUS_ACS5_BULK']"
access.eviction_filings.unlawful_detainer_filings_per_1000_renter_households,"Limited civil unlawful-detainer filings per 1,000 renter households",06013,Contra Costa,27.096648216713103,"filings per 1,000 renter households",FY2023-24,2024-06-30,,derived,"limited civil unlawful-detainer filings divided by same-vintage ACS renter households, multiplied by 1,000","['CA_COURTS_COURT_STATISTICS', 'CENSUS_ACS5_BULK']"
access.eviction_filings.unlawful_detainer_filings_per_1000_renter_households,"Limited civil unlawful-detainer filings per 1,000 renter households",06041,Marin,10.972796050866556,"filings per 1,000 renter households",FY2023-24,2024-06-30,,derived,"limited civil unlawful-detainer filings divided by same-vintage ACS renter households, multiplied by 1,000","['CA_COURTS_COURT_STATISTICS', 'CENSUS_ACS5_BULK']"
access.eviction_filings.unlawful_detainer_filings_per_1000_renter_households,"Limited civil unlawful-detainer filings per 1,000 renter households",06055,Napa,13.915601312365652,"filings per 1,000 renter households",FY2023-24,2024-06-30,,derived,"limited civil unlawful-detainer filings divided by same-vintage ACS renter households, multiplied by 1,000","['CA_COURTS_COURT_STATISTICS', 'CENSUS_ACS5_BULK']"
access.eviction_filings.unlawful_detainer_filings_per_1000_renter_households,"Limited civil unlawful-detainer filings per 1,000 renter households",06075,San Francisco,12.46861549497848,"filings per 1,000 renter households",FY2023-24,2024-06-30,,derived,"limited civil unlawful-detainer filings divided by same-vintage ACS renter households, multiplied by 1,000","['CA_COURTS_COURT_STATISTICS', 'CENSUS_ACS5_BULK']"
access.eviction_filings.unlawful_detainer_filings_per_1000_renter_households,"Limited civil unlawful-detainer filings per 1,000 renter households",06081,San Mateo,14.48511739693104,"filings per 1,000 renter households",FY2023-24,2024-06-30,,derived,"limited civil unlawful-detainer filings divided by same-vintage ACS renter households, multiplied by 1,000","['CA_COURTS_COURT_STATISTICS', 'CENSUS_ACS5_BULK']"
access.eviction_filings.unlawful_detainer_filings_per_1000_renter_households,"Limited civil unlawful-detainer filings per 1,000 renter households",06085,Santa Clara,13.853710558967995,"filings per 1,000 renter households",FY2023-24,2024-06-30,,derived,"limited civil unlawful-detainer filings divided by same-vintage ACS renter households, multiplied by 1,000","['CA_COURTS_COURT_STATISTICS', 'CENSUS_ACS5_BULK']"
access.eviction_filings.unlawful_detainer_filings_per_1000_renter_households,"Limited civil unlawful-detainer filings per 1,000 renter households",06095,Solano,32.74567987432361,"filings per 1,000 renter households",FY2023-24,2024-06-30,,derived,"limited civil unlawful-detainer filings divided by same-vintage ACS renter households, multiplied by 1,000","['CA_COURTS_COURT_STATISTICS', 'CENSUS_ACS5_BULK']"
access.eviction_filings.unlawful_detainer_filings_per_1000_renter_households,"Limited civil unlawful-detainer filings per 1,000 renter households",06097,Sonoma,12.317904706356149,"filings per 1,000 renter households",FY2023-24,2024-06-30,,derived,"limited civil unlawful-detainer filings divided by same-vintage ACS renter households, multiplied by 1,000","['CA_COURTS_COURT_STATISTICS', 'CENSUS_ACS5_BULK']"
access.homelessness.pit_overall_homeless,PIT overall homelessness estimate,06001,Alameda,9262.0,people,2025,2025-01-31,,published,published,['HUD_PIT']
access.homelessness.pit_overall_homeless,PIT overall homelessness estimate,06013,Contra Costa,2118.0,people,2025,2025-01-31,,published,published,['HUD_PIT']
access.homelessness.pit_overall_homeless,PIT overall homelessness estimate,06041,Marin,1081.0,people,2025,2025-01-31,,published,published,['HUD_PIT']
access.homelessness.pit_overall_homeless,PIT overall homelessness estimate,06055,Napa,374.0,people,2025,2025-01-31,,published,published,['HUD_PIT']
access.homelessness.pit_overall_homeless,PIT overall homelessness estimate,06075,San Francisco,8671.0,people,2025,2025-01-31,,published,published,['HUD_PIT']
access.homelessness.pit_overall_homeless,PIT overall homelessness estimate,06081,San Mateo,2147.0,people,2025,2025-01-31,,published,published,['HUD_PIT']
access.homelessness.pit_overall_homeless,PIT overall homelessness estimate,06085,Santa Clara,10711.0,people,2025,2025-01-31,,published,published,['HUD_PIT']
access.homelessness.pit_overall_homeless,PIT overall homelessness estimate,06095,Solano,1664.0,people,2025,2025-01-31,,published,published,['HUD_PIT']
access.homelessness.pit_overall_homeless,PIT overall homelessness estimate,06097,Sonoma,1952.0,people,2025,2025-01-31,,published,published,['HUD_PIT']
access.worker_housing_access.median_worker_earnings_coverage_2br_pct,Median worker earnings as share of income required for 2-bedroom FMR,06001,Alameda,58.003949175824175,percent,FY2026,2026-09-30,,derived,ACS 2024 median earnings divided by annual income required for FY2026 2-bedroom FMR,"['CENSUS_ACS5_BULK', 'HUD_FMR']"
access.worker_housing_access.median_worker_earnings_coverage_2br_pct,Median worker earnings as share of income required for 2-bedroom FMR,06013,Contra Costa,53.24433379120879,percent,FY2026,2026-09-30,,derived,ACS 2024 median earnings divided by annual income required for FY2026 2-bedroom FMR,"['CENSUS_ACS5_BULK', 'HUD_FMR']"
access.worker_housing_access.median_worker_earnings_coverage_2br_pct,Median worker earnings as share of income required for 2-bedroom FMR,06041,Marin,48.762486126526085,percent,FY2026,2026-09-30,,derived,ACS 2024 median earnings divided by annual income required for FY2026 2-bedroom FMR,"['CENSUS_ACS5_BULK', 'HUD_FMR']"
access.worker_housing_access.median_worker_earnings_coverage_2br_pct,Median worker earnings as share of income required for 2-bedroom FMR,06055,Napa,40.911764705882355,percent,FY2026,2026-09-30,,derived,ACS 2024 median earnings divided by annual income required for FY2026 2-bedroom FMR,"['CENSUS_ACS5_BULK', 'HUD_FMR']"
access.worker_housing_access.median_worker_earnings_coverage_2br_pct,Median worker earnings as share of income required for 2-bedroom FMR,06075,San Francisco,59.16134850166481,percent,FY2026,2026-09-30,,derived,ACS 2024 median earnings divided by annual income required for FY2026 2-bedroom FMR,"['CENSUS_ACS5_BULK', 'HUD_FMR']"
access.worker_housing_access.median_worker_earnings_coverage_2br_pct,Median worker earnings as share of income required for 2-bedroom FMR,06081,San Mateo,51.26179245283019,percent,FY2026,2026-09-30,,derived,ACS 2024 median earnings divided by annual income required for FY2026 2-bedroom FMR,"['CENSUS_ACS5_BULK', 'HUD_FMR']"
access.worker_housing_access.median_worker_earnings_coverage_2br_pct,Median worker earnings as share of income required for 2-bedroom FMR,06085,Santa Clara,55.46798736721217,percent,FY2026,2026-09-30,,derived,ACS 2024 median earnings divided by annual income required for FY2026 2-bedroom FMR,"['CENSUS_ACS5_BULK', 'HUD_FMR']"
access.worker_housing_access.median_worker_earnings_coverage_2br_pct,Median worker earnings as share of income required for 2-bedroom FMR,06095,Solano,58.76606978879706,percent,FY2026,2026-09-30,,derived,ACS 2024 median earnings divided by annual income required for FY2026 2-bedroom FMR,"['CENSUS_ACS5_BULK', 'HUD_FMR']"
access.worker_housing_access.median_worker_earnings_coverage_2br_pct,Median worker earnings as share of income required for 2-bedroom FMR,06097,Sonoma,46.0399717014503,percent,FY2026,2026-09-30,,derived,ACS 2024 median earnings divided by annual income required for FY2026 2-bedroom FMR,"['CENSUS_ACS5_BULK', 'HUD_FMR']"
production.production_pipeline.completed_units,Completed units / certificates of occupancy,06001,Alameda,4851.0,housing units,2025,2025-12-31,,aggregated,county sum of HCD APR Table A2 reported units,['CA_HCD_APR_TABLE_A2']
production.production_pipeline.completed_units,Completed units / certificates of occupancy,06013,Contra Costa,2518.0,housing units,2025,2025-12-31,,aggregated,county sum of HCD APR Table A2 reported units,['CA_HCD_APR_TABLE_A2']
production.production_pipeline.completed_units,Completed units / certificates of occupancy,06041,Marin,533.0,housing units,2025,2025-12-31,,aggregated,county sum of HCD APR Table A2 reported units,['CA_HCD_APR_TABLE_A2']
production.production_pipeline.completed_units,Completed units / certificates of occupancy,06055,Napa,475.0,housing units,2025,2025-12-31,,aggregated,county sum of HCD APR Table A2 reported units,['CA_HCD_APR_TABLE_A2']
production.production_pipeline.completed_units,Completed units / certificates of occupancy,06075,San Francisco,2844.0,housing units,2025,2025-12-31,,aggregated,county sum of HCD APR Table A2 reported units,['CA_HCD_APR_TABLE_A2']
production.production_pipeline.completed_units,Completed units / certificates of occupancy,06081,San Mateo,1592.0,housing units,2025,2025-12-31,,aggregated,county sum of HCD APR Table A2 reported units,['CA_HCD_APR_TABLE_A2']
production.production_pipeline.completed_units,Completed units / certificates of occupancy,06085,Santa Clara,9198.0,housing units,2025,2025-12-31,,aggregated,county sum of HCD APR Table A2 reported units,['CA_HCD_APR_TABLE_A2']
production.production_pipeline.completed_units,Completed units / certificates of occupancy,06095,Solano,1347.0,housing units,2025,2025-12-31,,aggregated,county sum of HCD APR Table A2 reported units,['CA_HCD_APR_TABLE_A2']
production.production_pipeline.completed_units,Completed units / certificates of occupancy,06097,Sonoma,1690.0,housing units,2025,2025-12-31,,aggregated,county sum of HCD APR Table A2 reported units,['CA_HCD_APR_TABLE_A2']
production.rhna_delivery.rhna_completion_progress_pct,Completion count as share of sixth-cycle RHNA,06001,Alameda,17.71969841680057,percent,2023-2025,2025-12-31,,derived,sum of 2023–2025 HCD APR units compared with full sixth-cycle allocation,"['CA_HCD_RHNA', 'CA_HCD_APR_TABLE_A2']"
production.rhna_delivery.rhna_completion_progress_pct,Completion count as share of sixth-cycle RHNA,06013,Contra Costa,14.53418428725812,percent,2023-2025,2025-12-31,,derived,sum of 2023–2025 HCD APR units compared with full sixth-cycle allocation,"['CA_HCD_RHNA', 'CA_HCD_APR_TABLE_A2']"
production.rhna_delivery.rhna_completion_progress_pct,Completion count as share of sixth-cycle RHNA,06041,Marin,8.941339812565081,percent,2023-2025,2025-12-31,,derived,sum of 2023–2025 HCD APR units compared with full sixth-cycle allocation,"['CA_HCD_RHNA', 'CA_HCD_APR_TABLE_A2']"
production.rhna_delivery.rhna_completion_progress_pct,Completion count as share of sixth-cycle RHNA,06055,Napa,30.697190426638915,percent,2023-2025,2025-12-31,,derived,sum of 2023–2025 HCD APR units compared with full sixth-cycle allocation,"['CA_HCD_RHNA', 'CA_HCD_APR_TABLE_A2']"
production.rhna_delivery.rhna_completion_progress_pct,Completion count as share of sixth-cycle RHNA,06075,San Francisco,8.769450096869708,percent,2023-2025,2025-12-31,,derived,sum of 2023–2025 HCD APR units compared with full sixth-cycle allocation,"['CA_HCD_RHNA', 'CA_HCD_APR_TABLE_A2']"
production.rhna_delivery.rhna_completion_progress_pct,Completion count as share of sixth-cycle RHNA,06081,San Mateo,11.961331180405562,percent,2023-2025,2025-12-31,,derived,sum of 2023–2025 HCD APR units compared with full sixth-cycle allocation,"['CA_HCD_RHNA', 'CA_HCD_APR_TABLE_A2']"
production.rhna_delivery.rhna_completion_progress_pct,Completion count as share of sixth-cycle RHNA,06085,Santa Clara,14.333562283429929,percent,2023-2025,2025-12-31,,derived,sum of 2023–2025 HCD APR units compared with full sixth-cycle allocation,"['CA_HCD_RHNA', 'CA_HCD_APR_TABLE_A2']"
production.rhna_delivery.rhna_completion_progress_pct,Completion count as share of sixth-cycle RHNA,06095,Solano,30.331149927219798,percent,2023-2025,2025-12-31,,derived,sum of 2023–2025 HCD APR units compared with full sixth-cycle allocation,"['CA_HCD_RHNA', 'CA_HCD_APR_TABLE_A2']"
production.rhna_delivery.rhna_completion_progress_pct,Completion count as share of sixth-cycle RHNA,06097,Sonoma,33.51874742480428,percent,2023-2025,2025-12-31,,derived,sum of 2023–2025 HCD APR units compared with full sixth-cycle allocation,"['CA_HCD_RHNA', 'CA_HCD_APR_TABLE_A2']"
production.permitting_timelines.timeline_match_rate_pct,Timeline match rate among projects with usable identifiers,06001,Alameda,80.48584082673467,percent,2018-2025 matched records,2025-12-31,,derived,matched projects / application project keys with a usable exact tracking ID or APN * 100,"['CA_HCD_APR_TABLE_A', 'CA_HCD_APR_TABLE_A2']"
production.permitting_timelines.timeline_match_rate_pct,Timeline match rate among projects with usable identifiers,06013,Contra Costa,77.68005704777752,percent,2018-2025 matched records,2025-12-31,,derived,matched projects / application project keys with a usable exact tracking ID or APN * 100,"['CA_HCD_APR_TABLE_A', 'CA_HCD_APR_TABLE_A2']"
production.permitting_timelines.timeline_match_rate_pct,Timeline match rate among projects with usable identifiers,06041,Marin,69.22169811320755,percent,2018-2025 matched records,2025-12-31,,derived,matched projects / application project keys with a usable exact tracking ID or APN * 100,"['CA_HCD_APR_TABLE_A', 'CA_HCD_APR_TABLE_A2']"
production.permitting_timelines.timeline_match_rate_pct,Timeline match rate among projects with usable identifiers,06055,Napa,57.64546684709067,percent,2018-2025 matched records,2025-12-31,,derived,matched projects / application project keys with a usable exact tracking ID or APN * 100,"['CA_HCD_APR_TABLE_A', 'CA_HCD_APR_TABLE_A2']"
production.permitting_timelines.timeline_match_rate_pct,Timeline match rate among projects with usable identifiers,06075,San Francisco,52.49436755712906,percent,2018-2025 matched records,2025-12-31,,derived,matched projects / application project keys with a usable exact tracking ID or APN * 100,"['CA_HCD_APR_TABLE_A', 'CA_HCD_APR_TABLE_A2']"
production.permitting_timelines.timeline_match_rate_pct,Timeline match rate among projects with usable identifiers,06081,San Mateo,63.03294573643411,percent,2018-2025 matched records,2025-12-31,,derived,matched projects / application project keys with a usable exact tracking ID or APN * 100,"['CA_HCD_APR_TABLE_A', 'CA_HCD_APR_TABLE_A2']"
production.permitting_timelines.timeline_match_rate_pct,Timeline match rate among projects with usable identifiers,06085,Santa Clara,66.8448098663926,percent,2018-2025 matched records,2025-12-31,,derived,matched projects / application project keys with a usable exact tracking ID or APN * 100,"['CA_HCD_APR_TABLE_A', 'CA_HCD_APR_TABLE_A2']"
production.permitting_timelines.timeline_match_rate_pct,Timeline match rate among projects with usable identifiers,06095,Solano,85.75986078886311,percent,2018-2025 matched records,2025-12-31,,derived,matched projects / application project keys with a usable exact tracking ID or APN * 100,"['CA_HCD_APR_TABLE_A', 'CA_HCD_APR_TABLE_A2']"
production.permitting_timelines.timeline_match_rate_pct,Timeline match rate among projects with usable identifiers,06097,Sonoma,70.71524966261808,percent,2018-2025 matched records,2025-12-31,,derived,matched projects / application project keys with a usable exact tracking ID or APN * 100,"['CA_HCD_APR_TABLE_A', 'CA_HCD_APR_TABLE_A2']"
equity.commuting_and_job_access.worked_from_home_pct,Workers working from home,06001,Alameda,25.72292272,percent,2024,2024-12-31,0.45637269,derived,People working from home divided by workers age 16 and over.,['CENSUS_ACS5_DETAIL']
equity.commuting_and_job_access.worked_from_home_pct,Workers working from home,06013,Contra Costa,21.28352789,percent,2024,2024-12-31,0.48271495,derived,People working from home divided by workers age 16 and over.,['CENSUS_ACS5_DETAIL']
equity.commuting_and_job_access.worked_from_home_pct,Workers working from home,06041,Marin,31.46419474,percent,2024,2024-12-31,1.04036303,derived,People working from home divided by workers age 16 and over.,['CENSUS_ACS5_DETAIL']
equity.commuting_and_job_access.worked_from_home_pct,Workers working from home,06055,Napa,14.55581731,percent,2024,2024-12-31,1.04548819,derived,People working from home divided by workers age 16 and over.,['CENSUS_ACS5_DETAIL']
equity.commuting_and_job_access.worked_from_home_pct,Workers working from home,06075,San Francisco,31.00079762,percent,2024,2024-12-31,0.63382128,derived,People working from home divided by workers age 16 and over.,['CENSUS_ACS5_DETAIL']
equity.commuting_and_job_access.worked_from_home_pct,Workers working from home,06081,San Mateo,24.25330543,percent,2024,2024-12-31,0.57127071,derived,People working from home divided by workers age 16 and over.,['CENSUS_ACS5_DETAIL']
equity.commuting_and_job_access.worked_from_home_pct,Workers working from home,06085,Santa Clara,23.87581248,percent,2024,2024-12-31,0.43927513,derived,People working from home divided by workers age 16 and over.,['CENSUS_ACS5_DETAIL']
equity.commuting_and_job_access.worked_from_home_pct,Workers working from home,06095,Solano,12.24886838,percent,2024,2024-12-31,0.79849913,derived,People working from home divided by workers age 16 and over.,['CENSUS_ACS5_DETAIL']
equity.commuting_and_job_access.worked_from_home_pct,Workers working from home,06097,Sonoma,15.91767722,percent,2024,2024-12-31,0.58629629,derived,People working from home divided by workers age 16 and over.,['CENSUS_ACS5_DETAIL']
equity.commuting_and_job_access.inbound_job_share_pct,Inbound share of primary jobs,06001,Alameda,57.38697201,percent,2023,2023-12-31,,derived,Primary jobs located in the county with a home geocode outside the county divided by county primary jobs.,['CENSUS_LEHD_LODES']
equity.commuting_and_job_access.inbound_job_share_pct,Inbound share of primary jobs,06013,Contra Costa,51.52697062,percent,2023,2023-12-31,,derived,Primary jobs located in the county with a home geocode outside the county divided by county primary jobs.,['CENSUS_LEHD_LODES']
equity.commuting_and_job_access.inbound_job_share_pct,Inbound share of primary jobs,06041,Marin,63.96544923,percent,2023,2023-12-31,,derived,Primary jobs located in the county with a home geocode outside the county divided by county primary jobs.,['CENSUS_LEHD_LODES']
equity.commuting_and_job_access.inbound_job_share_pct,Inbound share of primary jobs,06055,Napa,55.91198848,percent,2023,2023-12-31,,derived,Primary jobs located in the county with a home geocode outside the county divided by county primary jobs.,['CENSUS_LEHD_LODES']
equity.commuting_and_job_access.inbound_job_share_pct,Inbound share of primary jobs,06075,San Francisco,66.52466525,percent,2023,2023-12-31,,derived,Primary jobs located in the county with a home geocode outside the county divided by county primary jobs.,['CENSUS_LEHD_LODES']
equity.commuting_and_job_access.inbound_job_share_pct,Inbound share of primary jobs,06081,San Mateo,67.40209922,percent,2023,2023-12-31,,derived,Primary jobs located in the county with a home geocode outside the county divided by county primary jobs.,['CENSUS_LEHD_LODES']
equity.commuting_and_job_access.inbound_job_share_pct,Inbound share of primary jobs,06085,Santa Clara,43.76625743,percent,2023,2023-12-31,,derived,Primary jobs located in the county with a home geocode outside the county divided by county primary jobs.,['CENSUS_LEHD_LODES']
equity.commuting_and_job_access.inbound_job_share_pct,Inbound share of primary jobs,06095,Solano,51.45733125,percent,2023,2023-12-31,,derived,Primary jobs located in the county with a home geocode outside the county divided by county primary jobs.,['CENSUS_LEHD_LODES']
equity.commuting_and_job_access.inbound_job_share_pct,Inbound share of primary jobs,06097,Sonoma,32.85134985,percent,2023,2023-12-31,,derived,Primary jobs located in the county with a home geocode outside the county divided by county primary jobs.,['CENSUS_LEHD_LODES']
