measure_key,module_id,module_version,module_label,domain,metric_id,metric_name,unit,frequency,derivation,formula,source_ids,source_tier,subgroup_dimension,geography_basis,history_start,notes
access.displacement_pressure.median_gross_rent,access,1.2.0,Housing Access & Displacement,displacement_pressure,median_gross_rent,Median gross rent,current dollars per month,annual five-year estimate,published,published,CENSUS_ACS5_BULK,1,none,,,ACS five-year estimate; consecutive vintages contain overlapping survey years. Reused from the verified Version 1.1 evidence layer.
access.displacement_pressure.renter_severe_overcrowding_pct,access,1.2.0,Housing Access & Displacement,displacement_pressure,renter_severe_overcrowding_pct,Renter households with more than 1.5 occupants per room,percent,annual five-year estimate,derived,B25014 renter categories above 1.50 occupants per room divided by renter-occupied units,CENSUS_ACS5_BULK,1,none,,,Transparent displacement-pressure component; no composite risk score is calculated.
access.displacement_pressure.renter_overcrowding_pct,access,1.2.0,Housing Access & Displacement,displacement_pressure,renter_overcrowding_pct,Renter households with more than one occupant per room,percent,annual five-year estimate,derived,B25014 renter categories above 1.00 occupants per room divided by renter-occupied units,CENSUS_ACS5_BULK,1,none,,,Transparent displacement-pressure component; no composite risk score is calculated.
access.displacement_pressure.renter_severe_cost_burden_50_plus_pct,access,1.2.0,Housing Access & Displacement,displacement_pressure,renter_severe_cost_burden_50_plus_pct,Renters spending at least 50% of income on rent,percent,annual five-year estimate,derived,B25070 50%+ category divided by computed cases,CENSUS_ACS5_BULK,1,none,,,Derived point estimate; no derived margin of error is asserted. Reused from the verified Version 1.1 evidence layer.
access.eviction_filings.unlawful_detainer_dispositions,access,1.2.0,Housing Access & Displacement,eviction_filings,unlawful_detainer_dispositions,Limited civil unlawful-detainer dispositions,court cases,annual fiscal year,published,published,CA_COURTS_COURT_STATISTICS,1,none,,,A court filing or disposition is not an executed eviction. Unlimited civil cases and informal displacement are not captured.
access.eviction_filings.unlawful_detainer_filings,access,1.2.0,Housing Access & Displacement,eviction_filings,unlawful_detainer_filings,Limited civil unlawful-detainer filings,court cases,annual fiscal year,published,published,CA_COURTS_COURT_STATISTICS,1,none,,,A court filing or disposition is not an executed eviction. Unlimited civil cases and informal displacement are not captured.
access.eviction_filings.unlawful_detainer_filings_per_1000_renter_households,access,1.2.0,Housing Access & Displacement,eviction_filings,unlawful_detainer_filings_per_1000_renter_households,"Limited civil unlawful-detainer filings per 1,000 renter households","filings per 1,000 renter households",annual fiscal year with ACS denominator,derived,"limited civil unlawful-detainer filings divided by same-vintage ACS renter households, multiplied by 1,000",CA_COURTS_COURT_STATISTICS;CENSUS_ACS5_BULK,1,none,,,"The ACS denominator is a five-year estimate aligned to the fiscal-year start, so this is an approximate exposure rate."
access.eviction_filings.renter_households,access,1.2.0,Housing Access & Displacement,eviction_filings,renter_households,Renter-occupied households,households,annual five-year estimate,published,published,CENSUS_ACS5_BULK,1,none,,,"ACS five-year estimate used as an exposure denominator, not a count of leases."
access.homelessness.pit_overall_homeless,access,1.2.0,Housing Access & Displacement,homelessness,pit_overall_homeless,PIT overall homelessness estimate,people,annual January point-in-time estimate,published,published,HUD_PIT,1,none,,,HUD count type: Sheltered and Unsheltered Count. Both sheltered and unsheltered components were counted for this cycle.
access.homelessness.pit_sheltered_homeless,access,1.2.0,Housing Access & Displacement,homelessness,pit_sheltered_homeless,PIT sheltered homelessness estimate,people,annual January point-in-time estimate,published,published,HUD_PIT,1,none,,,HUD count type: Sheltered and Unsheltered Count. Both sheltered and unsheltered components were counted for this cycle.
access.homelessness.pit_unsheltered_homeless,access,1.2.0,Housing Access & Displacement,homelessness,pit_unsheltered_homeless,PIT unsheltered homelessness estimate,people,annual January point-in-time estimate,published,published,HUD_PIT,1,none,,,HUD count type: Sheltered and Unsheltered Count. Both sheltered and unsheltered components were counted for this cycle.
access.homelessness.hic_emergency_transitional_safe_haven_beds,access,1.2.0,Housing Access & Displacement,homelessness,hic_emergency_transitional_safe_haven_beds,"Year-round emergency, transitional, and safe-haven beds",year-round beds,annual January inventory,published,published,HUD_HIC,1,none,,,"Inventory capacity is not the same as utilization, exits to housing, or unmet need."
access.homelessness.hic_permanent_supportive_housing_beds,access,1.2.0,Housing Access & Displacement,homelessness,hic_permanent_supportive_housing_beds,Year-round permanent supportive housing beds,year-round beds,annual January inventory,published,published,HUD_HIC,1,none,,,"Inventory capacity is not the same as utilization, exits to housing, or unmet need."
access.homelessness.hic_rapid_rehousing_beds,access,1.2.0,Housing Access & Displacement,homelessness,hic_rapid_rehousing_beds,Year-round rapid rehousing beds,year-round beds,annual January inventory,published,published,HUD_HIC,1,none,,,"Inventory capacity is not the same as utilization, exits to housing, or unmet need."
access.hud_assisted_housing.hud_assisted_household_income,access,1.2.0,Housing Access & Displacement,hud_assisted_housing,hud_assisted_household_income,Average annual income of HUD-assisted households,current dollars per year,annual program snapshot,published,published,HUD_PICTURE,1,none,,,Summary of all programs represented in HUD's Picture of Subsidized Households; it is not a census of every affordable unit.
access.hud_assisted_housing.hud_assisted_months_waiting,access,1.2.0,Housing Access & Displacement,hud_assisted_housing,hud_assisted_months_waiting,Average months on waiting list before admission,months,annual program snapshot,published,published,HUD_PICTURE,1,none,,,Summary of all programs represented in HUD's Picture of Subsidized Households; it is not a census of every affordable unit.
access.hud_assisted_housing.hud_assisted_extremely_low_income_pct,access,1.2.0,Housing Access & Displacement,hud_assisted_housing,hud_assisted_extremely_low_income_pct,HUD-assisted households below 30% of area median income,percent,annual program snapshot,published,published,HUD_PICTURE,1,none,,,Summary of all programs represented in HUD's Picture of Subsidized Households; it is not a census of every affordable unit.
access.hud_assisted_housing.hud_assisted_occupancy_pct,access,1.2.0,Housing Access & Displacement,hud_assisted_housing,hud_assisted_occupancy_pct,HUD-assisted units reported occupied,percent,annual program snapshot,published,published,HUD_PICTURE,1,none,,,Summary of all programs represented in HUD's Picture of Subsidized Households; it is not a census of every affordable unit.
access.hud_assisted_housing.hud_assisted_units,access,1.2.0,Housing Access & Displacement,hud_assisted_housing,hud_assisted_units,HUD-assisted units under contract,housing units,annual program snapshot,published,published,HUD_PICTURE,1,none,,,Summary of all programs represented in HUD's Picture of Subsidized Households; it is not a census of every affordable unit.
access.hud_assisted_housing.hud_assisted_people,access,1.2.0,Housing Access & Displacement,hud_assisted_housing,hud_assisted_people,People in HUD-assisted households,people,annual program snapshot,published,published,HUD_PICTURE,1,none,,,Summary of all programs represented in HUD's Picture of Subsidized Households; it is not a census of every affordable unit.
access.income_targeted_production.hcd_apr_above_permitted_units,access,1.2.0,Housing Access & Displacement,income_targeted_production,hcd_apr_above_permitted_units,HCD-reported ABOVE permitted units,housing units,annual,published,published,CA_HCD_APR,1,none,,,Jurisdiction-reported building permits aggregated to county by The Bay Outlook. Reused from the verified Version 1.1 evidence layer.
access.income_targeted_production.hcd_apr_li_permitted_units,access,1.2.0,Housing Access & Displacement,income_targeted_production,hcd_apr_li_permitted_units,HCD-reported LI permitted units,housing units,annual,published,published,CA_HCD_APR,1,none,,,Jurisdiction-reported building permits aggregated to county by The Bay Outlook. Reused from the verified Version 1.1 evidence layer.
access.income_targeted_production.hcd_apr_mod_permitted_units,access,1.2.0,Housing Access & Displacement,income_targeted_production,hcd_apr_mod_permitted_units,HCD-reported MOD permitted units,housing units,annual,published,published,CA_HCD_APR,1,none,,,Jurisdiction-reported building permits aggregated to county by The Bay Outlook. Reused from the verified Version 1.1 evidence layer.
access.income_targeted_production.hcd_apr_vli_permitted_units,access,1.2.0,Housing Access & Displacement,income_targeted_production,hcd_apr_vli_permitted_units,HCD-reported VLI permitted units,housing units,annual,published,published,CA_HCD_APR,1,none,,,Jurisdiction-reported building permits aggregated to county by The Bay Outlook. Reused from the verified Version 1.1 evidence layer.
access.income_targeted_production.hcd_apr_permitted_units,access,1.2.0,Housing Access & Displacement,income_targeted_production,hcd_apr_permitted_units,HCD-reported permitted units,housing units,annual,published,published,CA_HCD_APR,1,none,,,Jurisdiction-reported building permits aggregated to county by The Bay Outlook. Reused from the verified Version 1.1 evidence layer.
access.income_targeted_production.rhna_target_above_mod_units,access,1.2.0,Housing Access & Displacement,income_targeted_production,rhna_target_above_mod_units,Sixth-cycle RHNA above-moderate-income allocation,housing units,planning cycle,aggregated,sum of jurisdiction allocations within county,CA_HCD_RHNA,1,none,,,"Allocation is a planning target, not a completed or occupied unit count."
access.income_targeted_production.rhna_target_li_units,access,1.2.0,Housing Access & Displacement,income_targeted_production,rhna_target_li_units,Sixth-cycle RHNA low-income allocation,housing units,planning cycle,aggregated,sum of jurisdiction allocations within county,CA_HCD_RHNA,1,none,,,"Allocation is a planning target, not a completed or occupied unit count."
access.income_targeted_production.rhna_target_mod_units,access,1.2.0,Housing Access & Displacement,income_targeted_production,rhna_target_mod_units,Sixth-cycle RHNA moderate-income allocation,housing units,planning cycle,aggregated,sum of jurisdiction allocations within county,CA_HCD_RHNA,1,none,,,"Allocation is a planning target, not a completed or occupied unit count."
access.income_targeted_production.rhna_target_vli_units,access,1.2.0,Housing Access & Displacement,income_targeted_production,rhna_target_vli_units,Sixth-cycle RHNA very-low-income allocation,housing units,planning cycle,aggregated,sum of jurisdiction allocations within county,CA_HCD_RHNA,1,none,,,"Allocation is a planning target, not a completed or occupied unit count."
access.worker_housing_access.income_required_1br_fmr,access,1.2.0,Housing Access & Displacement,worker_housing_access,income_required_1br_fmr,Annual income required for 1-bedroom FMR at 30% of income,current dollars per year,federal fiscal year,derived,12 × 1-bedroom monthly FMR divided by 0.30,HUD_FMR,1,none,,,"Descriptive affordability benchmark; it does not account for household size, taxes, benefits, or work hours."
access.worker_housing_access.income_required_2br_fmr,access,1.2.0,Housing Access & Displacement,worker_housing_access,income_required_2br_fmr,Annual income required for 2-bedroom FMR at 30% of income,current dollars per year,federal fiscal year,derived,12 × 2-bedroom monthly FMR divided by 0.30,HUD_FMR,1,none,,,"Descriptive affordability benchmark; it does not account for household size, taxes, benefits, or work hours."
access.worker_housing_access.fmr_1br,access,1.2.0,Housing Access & Displacement,worker_housing_access,fmr_1br,HUD Fair Market Rent — 1-bedroom,current dollars per month,federal fiscal year,published,published,HUD_FMR,1,none,,,"HUD FMR area: Oakland-Fremont, CA HUD Metro FMR Area. FMR is a rent standard, not the median asking rent for this county alone."
access.worker_housing_access.fmr_2br,access,1.2.0,Housing Access & Displacement,worker_housing_access,fmr_2br,HUD Fair Market Rent — 2-bedroom,current dollars per month,federal fiscal year,published,published,HUD_FMR,1,none,,,"HUD FMR area: Oakland-Fremont, CA HUD Metro FMR Area. FMR is a rent standard, not the median asking rent for this county alone."
access.worker_housing_access.median_worker_earnings,access,1.2.0,Housing Access & Displacement,worker_housing_access,median_worker_earnings,Median annual earnings for people age 16+ with earnings,current dollars per year,annual five-year estimate,published,published,CENSUS_ACS5_BULK,1,none,,,County median for people age 16 and over with earnings; not occupation-specific and not household income.
access.worker_housing_access.median_worker_earnings_coverage_1br_pct,access,1.2.0,Housing Access & Displacement,worker_housing_access,median_worker_earnings_coverage_1br_pct,Median worker earnings as share of income required for 1-bedroom FMR,percent,federal fiscal year,derived,ACS 2024 median earnings divided by annual income required for FY2026 1-bedroom FMR,CENSUS_ACS5_BULK;HUD_FMR,1,none,,,Comparison joins overlapping ACS 2019–2024 earnings with an FY2026 rent standard; it is not occupation-specific.
access.worker_housing_access.median_worker_earnings_coverage_2br_pct,access,1.2.0,Housing Access & Displacement,worker_housing_access,median_worker_earnings_coverage_2br_pct,Median worker earnings as share of income required for 2-bedroom FMR,percent,federal fiscal year,derived,ACS 2024 median earnings divided by annual income required for FY2026 2-bedroom FMR,CENSUS_ACS5_BULK;HUD_FMR,1,none,,,Comparison joins overlapping ACS 2019–2024 earnings with an FY2026 rent standard; it is not occupation-specific.
access.worker_housing_access.monthly_affordability_gap_1br,access,1.2.0,Housing Access & Displacement,worker_housing_access,monthly_affordability_gap_1br,Monthly gap between 1-bedroom FMR and 30% of median worker earnings,current dollars per month,federal fiscal year,derived,FY2026 1-bedroom FMR minus 30% of ACS 2024 median annual earnings divided by 12,CENSUS_ACS5_BULK;HUD_FMR,1,none,,,Positive values indicate the rent standard exceeds 30% of median individual earnings; no work-hour assumption is used.
access.worker_housing_access.monthly_affordability_gap_2br,access,1.2.0,Housing Access & Displacement,worker_housing_access,monthly_affordability_gap_2br,Monthly gap between 2-bedroom FMR and 30% of median worker earnings,current dollars per month,federal fiscal year,derived,FY2026 2-bedroom FMR minus 30% of ACS 2024 median annual earnings divided by 12,CENSUS_ACS5_BULK;HUD_FMR,1,none,,,Positive values indicate the rent standard exceeds 30% of median individual earnings; no work-hour assumption is used.
equity.age_and_tenure.homeownership_pct,equity,1.4.0,Housing Equity & Economic Connections,age_and_tenure,homeownership_pct,Homeownership share,percent,,derived,Owner-occupied units divided by owner- plus renter-occupied units for the stated subgroup.,CENSUS_ACS5_DETAIL,1,age_of_householder,household residence,2022,Owner-occupied units divided by owner- plus renter-occupied units for the stated subgroup.
equity.commuting_and_job_access.inbound_job_share_pct,equity,1.4.0,Housing Equity & Economic Connections,commuting_and_job_access,inbound_job_share_pct,Inbound share of primary jobs,percent,,derived,Primary jobs located in the county with a home geocode outside the county divided by county primary jobs.,CENSUS_LEHD_LODES,1,none,workplace county with home-work relation,2021,Primary jobs located in the county with a home geocode outside the county divided by county primary jobs.
equity.commuting_and_job_access.age_29_or_younger_job_share_pct,equity,1.4.0,Housing Equity & Economic Connections,commuting_and_job_access,age_29_or_younger_job_share_pct,Primary jobs held by people age 29 or younger,percent,,derived,LODES primary jobs held by people age 29 or younger.,CENSUS_LEHD_LODES,1,none,workplace county with home-work relation,2021,LODES primary jobs held by people age 29 or younger.
equity.commuting_and_job_access.age_30_to_54_job_share_pct,equity,1.4.0,Housing Equity & Economic Connections,commuting_and_job_access,age_30_to_54_job_share_pct,Primary jobs held by people age 30 to 54,percent,,derived,LODES primary jobs held by people age 30 through 54.,CENSUS_LEHD_LODES,1,none,workplace county with home-work relation,2021,LODES primary jobs held by people age 30 through 54.
equity.commuting_and_job_access.age_55_plus_job_share_pct,equity,1.4.0,Housing Equity & Economic Connections,commuting_and_job_access,age_55_plus_job_share_pct,Primary jobs held by people age 55 or older,percent,,derived,LODES primary jobs held by people age 55 or older.,CENSUS_LEHD_LODES,1,none,workplace county with home-work relation,2021,LODES primary jobs held by people age 55 or older.
equity.commuting_and_job_access.other_california_inbound_primary_jobs,equity,1.4.0,Housing Equity & Economic Connections,commuting_and_job_access,other_california_inbound_primary_jobs,Primary jobs held by residents of another California county,primary jobs,,aggregated,Primary jobs located in the county whose home geocode is in another California county.,CENSUS_LEHD_LODES,1,none,workplace county with home-work relation,2021,Primary jobs located in the county whose home geocode is in another California county.
equity.commuting_and_job_access.outside_california_inbound_primary_jobs,equity,1.4.0,Housing Equity & Economic Connections,commuting_and_job_access,outside_california_inbound_primary_jobs,Primary jobs held by residents outside California,primary jobs,,aggregated,Primary jobs located in the county whose home geocode is outside California.,CENSUS_LEHD_LODES,1,none,workplace county with home-work relation,2021,Primary jobs located in the county whose home geocode is outside California.
equity.commuting_and_job_access.local_resident_primary_jobs,equity,1.4.0,Housing Equity & Economic Connections,commuting_and_job_access,local_resident_primary_jobs,Primary jobs held by same-county residents,primary jobs,,aggregated,Primary jobs whose workplace and home geocodes are in the same county.,CENSUS_LEHD_LODES,1,none,workplace county with home-work relation,2021,Primary jobs whose workplace and home geocodes are in the same county.
equity.commuting_and_job_access.primary_jobs,equity,1.4.0,Housing Equity & Economic Connections,commuting_and_job_access,primary_jobs,Primary jobs located in county,primary jobs,,aggregated,LODES JT01 primary jobs located in the county.,CENSUS_LEHD_LODES,1,none,workplace county with home-work relation,2021,LODES JT01 primary jobs located in the county.
equity.commuting_and_job_access.low_monthly_earnings_job_share_pct,equity,1.4.0,Housing Equity & Economic Connections,commuting_and_job_access,low_monthly_earnings_job_share_pct,"Primary jobs paying $1,250 per month or less",percent,,derived,"LODES primary jobs in the $1,250-per-month-or-less earnings band.",CENSUS_LEHD_LODES,1,none,workplace county with home-work relation,2021,"LODES primary jobs in the $1,250-per-month-or-less earnings band."
equity.commuting_and_job_access.middle_monthly_earnings_job_share_pct,equity,1.4.0,Housing Equity & Economic Connections,commuting_and_job_access,middle_monthly_earnings_job_share_pct,"Primary jobs paying $1,251 to $3,333 per month",percent,,derived,"LODES primary jobs in the $1,251-to-$3,333 monthly earnings band.",CENSUS_LEHD_LODES,1,none,workplace county with home-work relation,2021,"LODES primary jobs in the $1,251-to-$3,333 monthly earnings band."
equity.commuting_and_job_access.high_monthly_earnings_job_share_pct,equity,1.4.0,Housing Equity & Economic Connections,commuting_and_job_access,high_monthly_earnings_job_share_pct,"Primary jobs paying more than $3,333 per month",percent,,derived,"LODES primary jobs in the over-$3,333 monthly earnings band.",CENSUS_LEHD_LODES,1,none,workplace county with home-work relation,2021,"LODES primary jobs in the over-$3,333 monthly earnings band."
equity.commuting_and_job_access.local_resident_job_share_pct,equity,1.4.0,Housing Equity & Economic Connections,commuting_and_job_access,local_resident_job_share_pct,Same-county resident share of primary jobs,percent,,derived,Same-county home-and-work primary jobs divided by primary jobs located in the county.,CENSUS_LEHD_LODES,1,none,workplace county with home-work relation,2021,Same-county home-and-work primary jobs divided by primary jobs located in the county.
equity.commuting_and_job_access.commute_30_to_59_minutes_pct,equity,1.4.0,Housing Equity & Economic Connections,commuting_and_job_access,commute_30_to_59_minutes_pct,Workers commuting 30 to 59 minutes,percent,,derived,Workers with travel time from 30 through 59 minutes divided by workers who did not work from home.,CENSUS_ACS5_DETAIL,1,none,person residence,2022,Workers with travel time from 30 through 59 minutes divided by workers who did not work from home.
equity.commuting_and_job_access.commute_60_plus_minutes_pct,equity,1.4.0,Housing Equity & Economic Connections,commuting_and_job_access,commute_60_plus_minutes_pct,Workers commuting 60 minutes or more,percent,,derived,Workers with travel time of 60 minutes or more divided by workers who did not work from home.,CENSUS_ACS5_DETAIL,1,none,person residence,2022,Workers with travel time of 60 minutes or more divided by workers who did not work from home.
equity.commuting_and_job_access.commute_under_30_minutes_pct,equity,1.4.0,Housing Equity & Economic Connections,commuting_and_job_access,commute_under_30_minutes_pct,Workers commuting under 30 minutes,percent,,derived,Workers with travel time under 30 minutes divided by workers who did not work from home.,CENSUS_ACS5_DETAIL,1,none,person residence,2022,Workers with travel time under 30 minutes divided by workers who did not work from home.
equity.commuting_and_job_access.public_transport_commute_pct,equity,1.4.0,Housing Equity & Economic Connections,commuting_and_job_access,public_transport_commute_pct,Workers using public transportation,percent,,derived,Public-transportation commuters divided by workers age 16 and over.,CENSUS_ACS5_DETAIL,1,none,person residence,2022,Public-transportation commuters divided by workers age 16 and over.
equity.commuting_and_job_access.worked_from_home_pct,equity,1.4.0,Housing Equity & Economic Connections,commuting_and_job_access,worked_from_home_pct,Workers working from home,percent,,derived,People working from home divided by workers age 16 and over.,CENSUS_ACS5_DETAIL,1,none,person residence,2022,People working from home divided by workers age 16 and over.
equity.education_and_earnings.homeownership_pct,equity,1.4.0,Housing Equity & Economic Connections,education_and_earnings,homeownership_pct,Homeownership share,percent,,derived,Owner-occupied units divided by owner- plus renter-occupied units for the stated subgroup.,CENSUS_ACS5_DETAIL,1,educational_attainment_of_householder,household residence,2022,Owner-occupied units divided by owner- plus renter-occupied units for the stated subgroup.
equity.education_and_earnings.median_annual_earnings,equity,1.4.0,Housing Equity & Economic Connections,education_and_earnings,median_annual_earnings,Median annual earnings,current dollars per year,,aggregated,ACS median annual earnings for the stated resident population; not household income or local-job pay.,CENSUS_ACS5_DETAIL,1,educational_attainment,person residence,2022,ACS median annual earnings for the stated resident population; not household income or local-job pay.
equity.education_and_earnings.earnings_coverage_2br_fmr_pct,equity,1.4.0,Housing Equity & Economic Connections,education_and_earnings,earnings_coverage_2br_fmr_pct,Median earnings coverage of two-bedroom FMR income requirement,percent,,derived,Median annual earnings divided by the annual income required for FY2026 two-bedroom FMR at 30%.,CENSUS_ACS5_DETAIL;HUD_FMR,1,educational_attainment,person residence compared with HUD FMR area,2022,Median annual earnings divided by the annual income required for FY2026 two-bedroom FMR at 30%.
equity.education_and_earnings.monthly_gap_to_2br_fmr,equity,1.4.0,Housing Equity & Economic Connections,education_and_earnings,monthly_gap_to_2br_fmr,Monthly gap between two-bedroom FMR and 30% of median earnings,current dollars per month,,derived,FY2026 two-bedroom FMR minus 30% of median annual earnings divided by 12.,CENSUS_ACS5_DETAIL;HUD_FMR,1,educational_attainment,person residence compared with HUD FMR area,2022,FY2026 two-bedroom FMR minus 30% of median annual earnings divided by 12.
equity.household_type_and_housing.homeownership_pct,equity,1.4.0,Housing Equity & Economic Connections,household_type_and_housing,homeownership_pct,Homeownership share,percent,,derived,Owner-occupied units divided by owner- plus renter-occupied units for the stated subgroup.,CENSUS_ACS5_DETAIL,1,household_type,household residence,2022,Owner-occupied units divided by owner- plus renter-occupied units for the stated subgroup.
equity.occupation_and_affordability.median_annual_earnings,equity,1.4.0,Housing Equity & Economic Connections,occupation_and_affordability,median_annual_earnings,Median annual earnings,current dollars per year,,aggregated,ACS median annual earnings for the stated resident population; not household income or local-job pay.,CENSUS_ACS5_DETAIL,1,broad_occupation,person residence,2022,ACS median annual earnings for the stated resident population; not household income or local-job pay.
equity.occupation_and_affordability.earnings_coverage_2br_fmr_pct,equity,1.4.0,Housing Equity & Economic Connections,occupation_and_affordability,earnings_coverage_2br_fmr_pct,Median earnings coverage of two-bedroom FMR income requirement,percent,,derived,Median annual earnings divided by the annual income required for FY2026 two-bedroom FMR at 30%.,CENSUS_ACS5_DETAIL;HUD_FMR,1,broad_occupation,person residence compared with HUD FMR area,2022,Median annual earnings divided by the annual income required for FY2026 two-bedroom FMR at 30%.
equity.occupation_and_affordability.monthly_gap_to_2br_fmr,equity,1.4.0,Housing Equity & Economic Connections,occupation_and_affordability,monthly_gap_to_2br_fmr,Monthly gap between two-bedroom FMR and 30% of median earnings,current dollars per month,,derived,FY2026 two-bedroom FMR minus 30% of median annual earnings divided by 12.,CENSUS_ACS5_DETAIL;HUD_FMR,1,broad_occupation,person residence compared with HUD FMR area,2022,FY2026 two-bedroom FMR minus 30% of median annual earnings divided by 12.
equity.race_ethnicity_and_housing.homeownership_pct,equity,1.4.0,Housing Equity & Economic Connections,race_ethnicity_and_housing,homeownership_pct,Homeownership share,percent,,derived,Owner-occupied units divided by owner- plus renter-occupied units for the stated subgroup.,CENSUS_ACS5_DETAIL,1,race_ethnicity_of_householder,household residence,2022,Owner-occupied units divided by owner- plus renter-occupied units for the stated subgroup.
equity.race_ethnicity_and_housing.housing_cost_burden_over_30_pct,equity,1.4.0,Housing Equity & Economic Connections,race_ethnicity_and_housing,housing_cost_burden_over_30_pct,Housing costs over 30% of household income,percent,,derived,Units with housing costs over 30% of household income divided by units with a computable ratio.,CENSUS_ACS5_DETAIL,1,race_ethnicity_of_householder,household residence,2023,Units with housing costs over 30% of household income divided by units with a computable ratio.
equity.race_ethnicity_and_housing.housing_cost_burden_over_50_pct,equity,1.4.0,Housing Equity & Economic Connections,race_ethnicity_and_housing,housing_cost_burden_over_50_pct,Housing costs over 50% of household income,percent,,derived,Units with housing costs over 50% of household income divided by units with a computable ratio.,CENSUS_ACS5_DETAIL,1,race_ethnicity_of_householder,household residence,2023,Units with housing costs over 50% of household income divided by units with a computable ratio.
equity.transportation_and_housing.zero_vehicle_households_pct,equity,1.4.0,Housing Equity & Economic Connections,transportation_and_housing,zero_vehicle_households_pct,Occupied units with no vehicle available,percent,,derived,Occupied units with no vehicle available divided by occupied units for the stated tenure.,CENSUS_ACS5_DETAIL,1,tenure,household residence,2022,Occupied units with no vehicle available divided by occupied units for the stated tenure.
observatory.affordability_ratios.rent_to_income_pct,observatory,1.1.0,Housing Observatory,affordability_ratios,rent_to_income_pct,Median gross rent to median household income,percent,annual five-year estimate,derived,annualized median gross rent divided by median household income,CENSUS_ACS5_BULK,1,none,,,Ratio of two medians; not the share of a typical household's actual income spent on rent.
observatory.affordability_ratios.home_value_to_income_ratio,observatory,1.1.0,Housing Observatory,affordability_ratios,home_value_to_income_ratio,Median home value to median household income,ratio,annual five-year estimate,derived,median owner-reported home value divided by median household income,CENSUS_ACS5_BULK,1,none,,,"Ratio of two medians; excludes mortgage rates, taxes, insurance, and down payments."
observatory.affordability_ratios.median_household_income,observatory,1.1.0,Housing Observatory,affordability_ratios,median_household_income,Median household income,current dollars per year,annual five-year estimate,published,published,CENSUS_ACS5_BULK,1,none,,,
observatory.affordability_ratios.median_home_value,observatory,1.1.0,Housing Observatory,affordability_ratios,median_home_value,Median owner-occupied home value,current dollars,annual five-year estimate,published,published,CENSUS_ACS5_BULK,1,none,,,"Owner-reported ACS value, not a transaction price."
observatory.cost_burden.owner_cost_burden_30_plus_pct,observatory,1.1.0,Housing Observatory,cost_burden,owner_cost_burden_30_plus_pct,Owners spending at least 30% of income on housing,percent,annual five-year estimate,derived,B25091 mortgage and nonmortgage 30%+ categories divided by computed cases,CENSUS_ACS5_BULK,1,none,,,Derived point estimate; no derived margin of error is asserted.
observatory.cost_burden.owner_severe_cost_burden_50_plus_pct,observatory,1.1.0,Housing Observatory,cost_burden,owner_severe_cost_burden_50_plus_pct,Owners spending at least 50% of income on housing,percent,annual five-year estimate,derived,B25091 mortgage and nonmortgage 50%+ categories divided by computed cases,CENSUS_ACS5_BULK,1,none,,,Derived point estimate; no derived margin of error is asserted.
observatory.cost_burden.renter_cost_burden_30_plus_pct,observatory,1.1.0,Housing Observatory,cost_burden,renter_cost_burden_30_plus_pct,Renters spending at least 30% of income on rent,percent,annual five-year estimate,derived,"B25070 categories 30–34.9%, 35–39.9%, 40–49.9%, and 50%+ divided by computed cases",CENSUS_ACS5_BULK,1,none,,,Derived point estimate; no derived margin of error is asserted.
observatory.cost_burden.renter_severe_cost_burden_50_plus_pct,observatory,1.1.0,Housing Observatory,cost_burden,renter_severe_cost_burden_50_plus_pct,Renters spending at least 50% of income on rent,percent,annual five-year estimate,derived,B25070 50%+ category divided by computed cases,CENSUS_ACS5_BULK,1,none,,,Derived point estimate; no derived margin of error is asserted.
observatory.home_sales.active_listings,observatory,1.1.0,Housing Observatory,home_sales,active_listings,Active listings,listings,monthly,published,published,REDFIN_HMT,2,none,,,Redfin market data are subject to revision and reflect Redfin's documented market coverage; this is not a government statistic.
observatory.home_sales.homes_sold,observatory,1.1.0,Housing Observatory,home_sales,homes_sold,Homes sold,homes,monthly,published,published,REDFIN_HMT,2,none,,,Redfin market data are subject to revision and reflect Redfin's documented market coverage; this is not a government statistic.
observatory.home_sales.median_days_on_market,observatory,1.1.0,Housing Observatory,home_sales,median_days_on_market,Median days on market,days,monthly,published,published,REDFIN_HMT,2,none,,,Redfin market data are subject to revision and reflect Redfin's documented market coverage; this is not a government statistic.
observatory.home_sales.median_sale_price,observatory,1.1.0,Housing Observatory,home_sales,median_sale_price,"Median sale price, not seasonally adjusted",current dollars,monthly,published,published,REDFIN_HMT,2,none,,,Redfin market data are subject to revision and reflect Redfin's documented market coverage; this is not a government statistic.
observatory.home_sales.months_of_supply,observatory,1.1.0,Housing Observatory,home_sales,months_of_supply,Months of supply,months,monthly,published,published,REDFIN_HMT,2,none,,,Redfin market data are subject to revision and reflect Redfin's documented market coverage; this is not a government statistic.
observatory.housing_permits.permitted_units_total,observatory,1.1.0,Housing Observatory,housing_permits,permitted_units_total,Permitted housing units,housing units,annual final,published,published,CENSUS_BPS,1,none,,,New privately owned residential units authorized by building permits.
observatory.housing_permits.permitted_units_single_family,observatory,1.1.0,Housing Observatory,housing_permits,permitted_units_single_family,Permitted units in single-family structures,housing units,annual final,published,published,CENSUS_BPS,1,none,,,New privately owned residential units authorized by building permits.
observatory.housing_permits.permitted_units_five_plus,observatory,1.1.0,Housing Observatory,housing_permits,permitted_units_five_plus,Permitted units in structures with five or more units,housing units,annual final,published,published,CENSUS_BPS,1,none,,,New privately owned residential units authorized by building permits.
observatory.housing_permits.permitted_units_three_four_unit,observatory,1.1.0,Housing Observatory,housing_permits,permitted_units_three_four_unit,Permitted units in three- and four-unit structures,housing units,annual final,published,published,CENSUS_BPS,1,none,,,New privately owned residential units authorized by building permits.
observatory.housing_permits.permitted_units_two_unit,observatory,1.1.0,Housing Observatory,housing_permits,permitted_units_two_unit,Permitted units in two-unit structures,housing units,annual final,published,published,CENSUS_BPS,1,none,,,New privately owned residential units authorized by building permits.
observatory.production_targets.hcd_apr_above_permitted_units,observatory,1.1.0,Housing Observatory,production_targets,hcd_apr_above_permitted_units,HCD-reported ABOVE permitted units,housing units,annual,published,published,CA_HCD_APR,1,none,,,Jurisdiction-reported building permits aggregated to county by The Bay Outlook.
observatory.production_targets.hcd_apr_li_permitted_units,observatory,1.1.0,Housing Observatory,production_targets,hcd_apr_li_permitted_units,HCD-reported LI permitted units,housing units,annual,published,published,CA_HCD_APR,1,none,,,Jurisdiction-reported building permits aggregated to county by The Bay Outlook.
observatory.production_targets.hcd_apr_mod_permitted_units,observatory,1.1.0,Housing Observatory,production_targets,hcd_apr_mod_permitted_units,HCD-reported MOD permitted units,housing units,annual,published,published,CA_HCD_APR,1,none,,,Jurisdiction-reported building permits aggregated to county by The Bay Outlook.
observatory.production_targets.hcd_apr_vli_permitted_units,observatory,1.1.0,Housing Observatory,production_targets,hcd_apr_vli_permitted_units,HCD-reported VLI permitted units,housing units,annual,published,published,CA_HCD_APR,1,none,,,Jurisdiction-reported building permits aggregated to county by The Bay Outlook.
observatory.production_targets.hcd_apr_permitted_units,observatory,1.1.0,Housing Observatory,production_targets,hcd_apr_permitted_units,HCD-reported permitted units,housing units,annual,published,published,CA_HCD_APR,1,none,,,Jurisdiction-reported building permits aggregated to county by The Bay Outlook.
observatory.production_targets.rhna_permitted_cycle_to_date,observatory,1.1.0,Housing Observatory,production_targets,rhna_permitted_cycle_to_date,Permitted units reported for 2023–2025,housing units,cycle-to-date,aggregated,sum of 2023–2025 jurisdiction-reported permits within county,CA_HCD_APR,1,none,,,Targets and progress use separate HCD datasets; county values sum constituent jurisdictions.
observatory.production_targets.rhna_progress_pct,observatory,1.1.0,Housing Observatory,production_targets,rhna_progress_pct,Progress toward sixth-cycle RHNA allocation,percent,cycle-to-date,derived,2023–2025 reported permits divided by sixth-cycle RHNA allocation,CA_HCD_APR,1,none,,,Targets and progress use separate HCD datasets; county values sum constituent jurisdictions.
observatory.production_targets.rhna_target_total,observatory,1.1.0,Housing Observatory,production_targets,rhna_target_total,Sixth-cycle RHNA allocation,housing units,cycle-to-date,aggregated,sum of jurisdiction RHNA allocations within county,CA_HCD_RHNA,1,none,,,Targets and progress use separate HCD datasets; county values sum constituent jurisdictions.
observatory.rental_trends.median_gross_rent,observatory,1.1.0,Housing Observatory,rental_trends,median_gross_rent,Median gross rent,current dollars per month,annual five-year estimate,published,published,CENSUS_ACS5_BULK,1,none,,,ACS five-year estimate; consecutive vintages contain overlapping survey years.
observatory.vacancy.housing_vacancy_rate,observatory,1.1.0,Housing Observatory,vacancy,housing_vacancy_rate,Housing vacancy rate,percent,annual five-year estimate,derived,B25002 vacant units divided by total housing units,CENSUS_ACS5_BULK,1,none,,,Derived point estimate; no derived margin of error is asserted.
observatory.vacancy.vacant_housing_units,observatory,1.1.0,Housing Observatory,vacancy,vacant_housing_units,Vacant housing units,housing units,annual five-year estimate,published,published,CENSUS_ACS5_BULK,1,none,,,
production.accessory_dwelling_units.adu_building_permit_units,production,1.3.0,Housing Production & Policy,accessory_dwelling_units,adu_building_permit_units,ADU building-permit units,housing units,annual,aggregated,county sum of HCD APR Table A2 reported units,CA_HCD_APR_TABLE_A2,1,none,,,"Entitlements, building permits, and completions are distinct production stages."
production.accessory_dwelling_units.adu_completed_units,production,1.3.0,Housing Production & Policy,accessory_dwelling_units,adu_completed_units,ADU completed units,housing units,annual,aggregated,county sum of HCD APR Table A2 reported units,CA_HCD_APR_TABLE_A2,1,none,,,"Entitlements, building permits, and completions are distinct production stages."
production.accessory_dwelling_units.adu_entitled_units,production,1.3.0,Housing Production & Policy,accessory_dwelling_units,adu_entitled_units,ADU entitled units,housing units,annual,aggregated,county sum of HCD APR Table A2 reported units,CA_HCD_APR_TABLE_A2,1,none,,,"Entitlements, building permits, and completions are distinct production stages."
production.housing_applications.application_approved_projects,production,1.3.0,Housing Production & Policy,housing_applications,application_approved_projects,Application records reported approved,records,annual,aggregated,county sum or count of HCD APR Table A records,CA_HCD_APR_TABLE_A,1,none,,,Application status is sparsely populated before 2021; a record is not necessarily a unique project.
production.housing_applications.application_pending_projects,production,1.3.0,Housing Production & Policy,housing_applications,application_pending_projects,Application records reported pending,records,annual,aggregated,county sum or count of HCD APR Table A records,CA_HCD_APR_TABLE_A,1,none,,,Application status is sparsely populated before 2021; a record is not necessarily a unique project.
production.housing_applications.sb35_application_records,production,1.3.0,Housing Production & Policy,housing_applications,sb35_application_records,Application records submitted under SB 35,records,annual,aggregated,county sum or count of HCD APR Table A records,CA_HCD_APR_TABLE_A,1,none,,,HCD APR application-stage administrative data aggregated to county.
production.housing_applications.application_decision_approval_share_pct,production,1.3.0,Housing Production & Policy,housing_applications,application_decision_approval_share_pct,Approved share of decided application records,percent,annual,derived,approved application records / (approved + disapproved records) * 100; pending and withdrawn excluded,CA_HCD_APR_TABLE_A,1,none,,,Application status is sparsely populated before 2021; a record is not necessarily a unique project.
production.housing_applications.application_project_records,production,1.3.0,Housing Production & Policy,housing_applications,application_project_records,Residential application records,records,annual,aggregated,county sum or count of HCD APR Table A records,CA_HCD_APR_TABLE_A,1,none,,,Application status is sparsely populated before 2021; a record is not necessarily a unique project.
production.housing_applications.application_approved_units,production,1.3.0,Housing Production & Policy,housing_applications,application_approved_units,Units approved in residential applications,housing units,annual,aggregated,county sum or count of HCD APR Table A records,CA_HCD_APR_TABLE_A,1,none,,,HCD APR application-stage administrative data aggregated to county.
production.housing_applications.application_disapproved_units,production,1.3.0,Housing Production & Policy,housing_applications,application_disapproved_units,Units disapproved in residential applications,housing units,annual,aggregated,county sum or count of HCD APR Table A records,CA_HCD_APR_TABLE_A,1,none,,,HCD APR application-stage administrative data aggregated to county.
production.housing_applications.application_proposed_units,production,1.3.0,Housing Production & Policy,housing_applications,application_proposed_units,Units proposed in residential applications,housing units,annual,aggregated,county sum or count of HCD APR Table A records,CA_HCD_APR_TABLE_A,1,none,,,HCD APR application-stage administrative data aggregated to county.
production.housing_element_compliance.housing_elements_in_compliance,production,1.3.0,Housing Production & Policy,housing_element_compliance,housing_elements_in_compliance,Housing elements in compliance,jurisdictions,current status snapshot,aggregated,count of current HCD compliance records,CA_HCD_HOUSING_ELEMENT_COMPLIANCE,1,none,,,Current administrative status can change between refreshes; this is not a historical compliance series.
production.housing_element_compliance.housing_elements_out_of_compliance,production,1.3.0,Housing Production & Policy,housing_element_compliance,housing_elements_out_of_compliance,Housing elements out of compliance,jurisdictions,current status snapshot,aggregated,count of current HCD compliance records,CA_HCD_HOUSING_ELEMENT_COMPLIANCE,1,none,,,Current administrative status can change between refreshes; this is not a historical compliance series.
production.housing_element_compliance.housing_element_jurisdictions,production,1.3.0,Housing Production & Policy,housing_element_compliance,housing_element_jurisdictions,Housing-element jurisdictions,jurisdictions,current status snapshot,aggregated,count of current HCD compliance records,CA_HCD_HOUSING_ELEMENT_COMPLIANCE,1,none,,,Current administrative status can change between refreshes; this is not a historical compliance series.
production.housing_element_compliance.housing_element_compliance_share_pct,production,1.3.0,Housing Production & Policy,housing_element_compliance,housing_element_compliance_share_pct,Share of housing elements in compliance,percent,current status snapshot,derived,jurisdictions with HCD compliance status In / all county jurisdictions * 100,CA_HCD_HOUSING_ELEMENT_COMPLIANCE,1,none,,,Current administrative status can change between refreshes; this is not a historical compliance series.
production.permitting_timelines.deterministically_matched_projects,production,1.3.0,Housing Production & Policy,permitting_timelines,deterministically_matched_projects,Deterministically matched projects,projects,multi-year matched-project summary,aggregated,count of high-confidence exact identifier matches,CA_HCD_APR_TABLE_A;CA_HCD_APR_TABLE_A2,1,none,,,Coverage is published with the medians; unmatched records are not imputed.
production.permitting_timelines.matched_application_to_completion_median_days,production,1.3.0,Housing Production & Policy,permitting_timelines,matched_application_to_completion_median_days,Matched application-to-completion median,days,multi-year matched-project summary,derived,median elapsed calendar days among deterministic exact-ID matches with chronological dates,CA_HCD_APR_TABLE_A;CA_HCD_APR_TABLE_A2,1,none,,,Sample size 1757. Exact jurisdiction + tracking-ID matches are used first; exact jurisdiction + APN matches are used second. No address or fuzzy matching.
production.permitting_timelines.matched_application_to_entitlement_median_days,production,1.3.0,Housing Production & Policy,permitting_timelines,matched_application_to_entitlement_median_days,Matched application-to-entitlement median,days,multi-year matched-project summary,derived,median elapsed calendar days among deterministic exact-ID matches with chronological dates,CA_HCD_APR_TABLE_A;CA_HCD_APR_TABLE_A2,1,none,,,Sample size 4315. Exact jurisdiction + tracking-ID matches are used first; exact jurisdiction + APN matches are used second. No address or fuzzy matching.
production.permitting_timelines.matched_entitlement_to_permit_median_days,production,1.3.0,Housing Production & Policy,permitting_timelines,matched_entitlement_to_permit_median_days,Matched entitlement-to-permit median,days,multi-year matched-project summary,derived,median elapsed calendar days among deterministic exact-ID matches with chronological dates,CA_HCD_APR_TABLE_A;CA_HCD_APR_TABLE_A2,1,none,,,Sample size 1352. Exact jurisdiction + tracking-ID matches are used first; exact jurisdiction + APN matches are used second. No address or fuzzy matching.
production.permitting_timelines.matched_permit_to_completion_median_days,production,1.3.0,Housing Production & Policy,permitting_timelines,matched_permit_to_completion_median_days,Matched permit-to-completion median,days,multi-year matched-project summary,derived,median elapsed calendar days among deterministic exact-ID matches with chronological dates,CA_HCD_APR_TABLE_A;CA_HCD_APR_TABLE_A2,1,none,,,Sample size 1674. Exact jurisdiction + tracking-ID matches are used first; exact jurisdiction + APN matches are used second. No address or fuzzy matching.
production.permitting_timelines.timeline_match_rate_pct,production,1.3.0,Housing Production & Policy,permitting_timelines,timeline_match_rate_pct,Timeline match rate among projects with usable identifiers,percent,multi-year matched-project summary,derived,matched projects / application project keys with a usable exact tracking ID or APN * 100,CA_HCD_APR_TABLE_A;CA_HCD_APR_TABLE_A2,1,none,,,Coverage is published with the medians; unmatched records are not imputed.
production.production_pipeline.annual_completion_to_permit_flow_pct,production,1.3.0,Housing Production & Policy,production_pipeline,annual_completion_to_permit_flow_pct,Annual completion-to-permit flow ratio,percent,annual,derived,completed units reported in year / building-permit units reported in same year * 100,CA_HCD_APR_TABLE_A2,1,none,,,"This is a same-year flow ratio, not a cohort completion probability. Permits and completions can refer to different projects."
production.production_pipeline.building_permit_units,production,1.3.0,Housing Production & Policy,production_pipeline,building_permit_units,Building-permit units,housing units,annual,aggregated,county sum of HCD APR Table A2 reported units,CA_HCD_APR_TABLE_A2,1,none,,,"Entitlements, building permits, and completions are distinct production stages."
production.production_pipeline.completed_units,production,1.3.0,Housing Production & Policy,production_pipeline,completed_units,Completed units / certificates of occupancy,housing units,annual,aggregated,county sum of HCD APR Table A2 reported units,CA_HCD_APR_TABLE_A2,1,none,,,"Entitlements, building permits, and completions are distinct production stages."
production.production_pipeline.entitled_units,production,1.3.0,Housing Production & Policy,production_pipeline,entitled_units,Entitled units,housing units,annual,aggregated,county sum of HCD APR Table A2 reported units,CA_HCD_APR_TABLE_A2,1,none,,,"Entitlements, building permits, and completions are distinct production stages."
production.rhna_delivery.rhna_completion_gap_units,production,1.3.0,Housing Production & Policy,rhna_delivery,rhna_completion_gap_units,Allocation less cumulative completions,housing units,planning-cycle progress snapshot,derived,sum of 2023–2025 HCD APR units compared with full sixth-cycle allocation,CA_HCD_APR_TABLE_A2;CA_HCD_RHNA,1,none,,,"California tracks RHNA progress using issued building permits. Completion comparisons are supplemental descriptive evidence, not official RHNA credit."
production.rhna_delivery.rhna_permit_gap_units,production,1.3.0,Housing Production & Policy,rhna_delivery,rhna_permit_gap_units,Allocation less cumulative permits,housing units,planning-cycle progress snapshot,derived,sum of 2023–2025 HCD APR units compared with full sixth-cycle allocation,CA_HCD_APR_TABLE_A2;CA_HCD_RHNA,1,none,,,"California tracks RHNA progress using issued building permits. Completion comparisons are supplemental descriptive evidence, not official RHNA credit."
production.rhna_delivery.rhna_completion_progress_pct,production,1.3.0,Housing Production & Policy,rhna_delivery,rhna_completion_progress_pct,Completion count as share of sixth-cycle RHNA,percent,planning-cycle progress snapshot,derived,sum of 2023–2025 HCD APR units compared with full sixth-cycle allocation,CA_HCD_APR_TABLE_A2;CA_HCD_RHNA,1,none,,,"California tracks RHNA progress using issued building permits. Completion comparisons are supplemental descriptive evidence, not official RHNA credit."
production.rhna_delivery.rhna_permitted_units,production,1.3.0,Housing Production & Policy,rhna_delivery,rhna_permitted_units,"Cumulative building-permit units, 2023–2025",housing units,planning-cycle progress snapshot,aggregated,published allocation or sum of annual HCD APR Table A2 units,CA_HCD_APR_TABLE_A2;CA_HCD_RHNA,1,none,,,"California tracks RHNA progress using issued building permits. Completion comparisons are supplemental descriptive evidence, not official RHNA credit."
production.rhna_delivery.rhna_completed_units,production,1.3.0,Housing Production & Policy,rhna_delivery,rhna_completed_units,"Cumulative completed units, 2023–2025",housing units,planning-cycle progress snapshot,aggregated,published allocation or sum of annual HCD APR Table A2 units,CA_HCD_APR_TABLE_A2;CA_HCD_RHNA,1,none,,,"California tracks RHNA progress using issued building permits. Completion comparisons are supplemental descriptive evidence, not official RHNA credit."
production.rhna_delivery.rhna_completion_to_permit_flow_pct,production,1.3.0,Housing Production & Policy,rhna_delivery,rhna_completion_to_permit_flow_pct,Cumulative completions as share of cumulative permits,percent,planning-cycle progress snapshot,derived,published allocation or sum of annual HCD APR Table A2 units,CA_HCD_APR_TABLE_A2;CA_HCD_RHNA,1,none,,,"California tracks RHNA progress using issued building permits. Completion comparisons are supplemental descriptive evidence, not official RHNA credit."
production.rhna_delivery.rhna_permit_progress_pct,production,1.3.0,Housing Production & Policy,rhna_delivery,rhna_permit_progress_pct,Permit progress toward sixth-cycle RHNA,percent,planning-cycle progress snapshot,derived,sum of 2023–2025 HCD APR units compared with full sixth-cycle allocation,CA_HCD_APR_TABLE_A2;CA_HCD_RHNA,1,none,,,"California tracks RHNA progress using issued building permits. Completion comparisons are supplemental descriptive evidence, not official RHNA credit."
production.rhna_delivery.rhna_allocation_units,production,1.3.0,Housing Production & Policy,rhna_delivery,rhna_allocation_units,Sixth-cycle RHNA allocation,housing units,planning-cycle progress snapshot,aggregated,published allocation or sum of annual HCD APR Table A2 units,CA_HCD_APR_TABLE_A2;CA_HCD_RHNA,1,none,,,"California tracks RHNA progress using issued building permits. Completion comparisons are supplemental descriptive evidence, not official RHNA credit."
production.zoning_and_rezoning.lower_intensity_share_of_residential_zoning_pct,production,1.3.0,Housing Production & Policy,zoning_and_rezoning,lower_intensity_share_of_residential_zoning_pct,Lower-intensity categories as share of residential-labeled mapped area,percent,irregular compiled inventory,derived,county sum of dataset-provided polygon area and transparent category shares,CA_LCI_STATEWIDE_ZONING,1,none,,,"Compiled zoning categories are descriptive, source vintages vary by jurisdiction, and mapped area is not legal development capacity."
production.zoning_and_rezoning.mapped_zoning_area_sq_km,production,1.3.0,Housing Production & Policy,zoning_and_rezoning,mapped_zoning_area_sq_km,Mapped zoning polygon area,square kilometers,irregular compiled inventory,aggregated,county sum of dataset-provided polygon area and transparent category shares,CA_LCI_STATEWIDE_ZONING,1,none,,,"Compiled zoning categories are descriptive, source vintages vary by jurisdiction, and mapped area is not legal development capacity."
production.zoning_and_rezoning.mixed_use_share_of_mapped_zoning_pct,production,1.3.0,Housing Production & Policy,zoning_and_rezoning,mixed_use_share_of_mapped_zoning_pct,Mixed-use category as share of mapped area,percent,irregular compiled inventory,derived,county sum of dataset-provided polygon area and transparent category shares,CA_LCI_STATEWIDE_ZONING,1,none,,,"Compiled zoning categories are descriptive, source vintages vary by jurisdiction, and mapped area is not legal development capacity."
production.zoning_and_rezoning.multifamily_share_of_residential_zoning_pct,production,1.3.0,Housing Production & Policy,zoning_and_rezoning,multifamily_share_of_residential_zoning_pct,Multi-family category as share of residential-labeled mapped area,percent,irregular compiled inventory,derived,county sum of dataset-provided polygon area and transparent category shares,CA_LCI_STATEWIDE_ZONING,1,none,,,"Compiled zoning categories are descriptive, source vintages vary by jurisdiction, and mapped area is not legal development capacity."
production.zoning_and_rezoning.reported_rezone_acres,production,1.3.0,Housing Production & Policy,zoning_and_rezoning,reported_rezone_acres,Reported Table C parcel area,acres,annual administrative reporting,aggregated,county sum of HCD APR Table C records,CA_HCD_APR_TABLE_C,1,none,,,"Table C is required only for specified shortfall, unaccommodated-need, or no-net-loss circumstances. Zero records do not mean no rezoning occurred."
production.zoning_and_rezoning.reported_rezone_site_records,production,1.3.0,Housing Production & Policy,zoning_and_rezoning,reported_rezone_site_records,Reported Table C site records,records,annual administrative reporting,aggregated,county sum of HCD APR Table C records,CA_HCD_APR_TABLE_C,1,none,,,"Table C is required only for specified shortfall, unaccommodated-need, or no-net-loss circumstances. Zero records do not mean no rezoning occurred."
production.zoning_and_rezoning.reported_rezone_lower_income_capacity,production,1.3.0,Housing Production & Policy,zoning_and_rezoning,reported_rezone_lower_income_capacity,Reported lower-income capacity on Table C sites,housing units,annual administrative reporting,aggregated,county sum of HCD APR Table C records,CA_HCD_APR_TABLE_C,1,none,,,"Table C is required only for specified shortfall, unaccommodated-need, or no-net-loss circumstances. Zero records do not mean no rezoning occurred."
production.zoning_and_rezoning.reported_rezone_realistic_capacity,production,1.3.0,Housing Production & Policy,zoning_and_rezoning,reported_rezone_realistic_capacity,Reported realistic capacity on Table C sites,housing units,annual administrative reporting,aggregated,county sum of HCD APR Table C records,CA_HCD_APR_TABLE_C,1,none,,,"Table C is required only for specified shortfall, unaccommodated-need, or no-net-loss circumstances. Zero records do not mean no rezoning occurred."
production.zoning_and_rezoning.residential_labeled_zoning_area_sq_km,production,1.3.0,Housing Production & Policy,zoning_and_rezoning,residential_labeled_zoning_area_sq_km,Residential-labeled mapped zoning area,square kilometers,irregular compiled inventory,aggregated,county sum of dataset-provided polygon area and transparent category shares,CA_LCI_STATEWIDE_ZONING,1,none,,,"Compiled zoning categories are descriptive, source vintages vary by jurisdiction, and mapped area is not legal development capacity."
