domain,indicator_id,metric_id,metric_name,county_fips,county_name,period,period_end,frequency,value,unit,margin_of_error,source_id,source_tier,source_release,retrieved_at,raw_sha256,calculation,notes
home_sales,H2,active_listings,Active listings,06001,Alameda,2026-06,2026-06-30,monthly,3528.0,listings,,REDFIN_HMT,2,Redfin-HMT-updated-2026-07-03,2026-08-08T18:25:52Z,fdfb372967fa31f8e24b1dec842e5ef9e1400dc3b0d7dcfd07ad915a17fb508b,published,Redfin market data are subject to revision and reflect Redfin's documented market coverage; this is not a government statistic.
home_sales,H2,active_listings,Active listings,06013,Contra Costa,2026-06,2026-06-30,monthly,3430.0,listings,,REDFIN_HMT,2,Redfin-HMT-updated-2026-07-03,2026-08-08T18:25:52Z,fdfb372967fa31f8e24b1dec842e5ef9e1400dc3b0d7dcfd07ad915a17fb508b,published,Redfin market data are subject to revision and reflect Redfin's documented market coverage; this is not a government statistic.
home_sales,H2,active_listings,Active listings,06041,Marin,2026-06,2026-06-30,monthly,893.0,listings,,REDFIN_HMT,2,Redfin-HMT-updated-2026-07-03,2026-08-08T18:25:52Z,fdfb372967fa31f8e24b1dec842e5ef9e1400dc3b0d7dcfd07ad915a17fb508b,published,Redfin market data are subject to revision and reflect Redfin's documented market coverage; this is not a government statistic.
home_sales,H2,active_listings,Active listings,06055,Napa,2026-06,2026-06-30,monthly,730.0,listings,,REDFIN_HMT,2,Redfin-HMT-updated-2026-07-03,2026-08-08T18:25:52Z,fdfb372967fa31f8e24b1dec842e5ef9e1400dc3b0d7dcfd07ad915a17fb508b,published,Redfin market data are subject to revision and reflect Redfin's documented market coverage; this is not a government statistic.
home_sales,H2,active_listings,Active listings,06075,San Francisco,2026-06,2026-06-30,monthly,1467.0,listings,,REDFIN_HMT,2,Redfin-HMT-updated-2026-07-03,2026-08-08T18:25:52Z,fdfb372967fa31f8e24b1dec842e5ef9e1400dc3b0d7dcfd07ad915a17fb508b,published,Redfin market data are subject to revision and reflect Redfin's documented market coverage; this is not a government statistic.
home_sales,H2,active_listings,Active listings,06081,San Mateo,2026-06,2026-06-30,monthly,1344.0,listings,,REDFIN_HMT,2,Redfin-HMT-updated-2026-07-03,2026-08-08T18:25:52Z,fdfb372967fa31f8e24b1dec842e5ef9e1400dc3b0d7dcfd07ad915a17fb508b,published,Redfin market data are subject to revision and reflect Redfin's documented market coverage; this is not a government statistic.
home_sales,H2,active_listings,Active listings,06085,Santa Clara,2026-06,2026-06-30,monthly,3530.0,listings,,REDFIN_HMT,2,Redfin-HMT-updated-2026-07-03,2026-08-08T18:25:52Z,fdfb372967fa31f8e24b1dec842e5ef9e1400dc3b0d7dcfd07ad915a17fb508b,published,Redfin market data are subject to revision and reflect Redfin's documented market coverage; this is not a government statistic.
home_sales,H2,active_listings,Active listings,06095,Solano,2026-06,2026-06-30,monthly,1484.0,listings,,REDFIN_HMT,2,Redfin-HMT-updated-2026-07-03,2026-08-08T18:25:52Z,fdfb372967fa31f8e24b1dec842e5ef9e1400dc3b0d7dcfd07ad915a17fb508b,published,Redfin market data are subject to revision and reflect Redfin's documented market coverage; this is not a government statistic.
home_sales,H2,active_listings,Active listings,06097,Sonoma,2026-06,2026-06-30,monthly,1913.0,listings,,REDFIN_HMT,2,Redfin-HMT-updated-2026-07-03,2026-08-08T18:25:52Z,fdfb372967fa31f8e24b1dec842e5ef9e1400dc3b0d7dcfd07ad915a17fb508b,published,Redfin market data are subject to revision and reflect Redfin's documented market coverage; this is not a government statistic.
production_targets,H3,hcd_apr_above_permitted_units,HCD-reported ABOVE permitted units,06001,Alameda,2025,2025-12-31,annual,2460.0,housing units,,CA_HCD_APR,1,HCD-APR-through-2025,2026-08-08T18:25:52Z,dc0c6c52468ffe95159a7ac7e2d85569f2e28640451e90455cc13b3d4cf73da6,published,Jurisdiction-reported building permits aggregated to county by The Bay Outlook.
production_targets,H3,hcd_apr_above_permitted_units,HCD-reported ABOVE permitted units,06013,Contra Costa,2025,2025-12-31,annual,1264.0,housing units,,CA_HCD_APR,1,HCD-APR-through-2025,2026-08-08T18:25:52Z,dc0c6c52468ffe95159a7ac7e2d85569f2e28640451e90455cc13b3d4cf73da6,published,Jurisdiction-reported building permits aggregated to county by The Bay Outlook.
production_targets,H3,hcd_apr_above_permitted_units,HCD-reported ABOVE permitted units,06041,Marin,2025,2025-12-31,annual,178.0,housing units,,CA_HCD_APR,1,HCD-APR-through-2025,2026-08-08T18:25:52Z,dc0c6c52468ffe95159a7ac7e2d85569f2e28640451e90455cc13b3d4cf73da6,published,Jurisdiction-reported building permits aggregated to county by The Bay Outlook.
production_targets,H3,hcd_apr_above_permitted_units,HCD-reported ABOVE permitted units,06055,Napa,2025,2025-12-31,annual,319.0,housing units,,CA_HCD_APR,1,HCD-APR-through-2025,2026-08-08T18:25:52Z,dc0c6c52468ffe95159a7ac7e2d85569f2e28640451e90455cc13b3d4cf73da6,published,Jurisdiction-reported building permits aggregated to county by The Bay Outlook.
production_targets,H3,hcd_apr_above_permitted_units,HCD-reported ABOVE permitted units,06075,San Francisco,2025,2025-12-31,annual,354.0,housing units,,CA_HCD_APR,1,HCD-APR-through-2025,2026-08-08T18:25:52Z,dc0c6c52468ffe95159a7ac7e2d85569f2e28640451e90455cc13b3d4cf73da6,published,Jurisdiction-reported building permits aggregated to county by The Bay Outlook.
production_targets,H3,hcd_apr_above_permitted_units,HCD-reported ABOVE permitted units,06081,San Mateo,2025,2025-12-31,annual,1922.0,housing units,,CA_HCD_APR,1,HCD-APR-through-2025,2026-08-08T18:25:52Z,dc0c6c52468ffe95159a7ac7e2d85569f2e28640451e90455cc13b3d4cf73da6,published,Jurisdiction-reported building permits aggregated to county by The Bay Outlook.
production_targets,H3,hcd_apr_above_permitted_units,HCD-reported ABOVE permitted units,06085,Santa Clara,2025,2025-12-31,annual,2631.0,housing units,,CA_HCD_APR,1,HCD-APR-through-2025,2026-08-08T18:25:52Z,dc0c6c52468ffe95159a7ac7e2d85569f2e28640451e90455cc13b3d4cf73da6,published,Jurisdiction-reported building permits aggregated to county by The Bay Outlook.
production_targets,H3,hcd_apr_above_permitted_units,HCD-reported ABOVE permitted units,06095,Solano,2025,2025-12-31,annual,1140.0,housing units,,CA_HCD_APR,1,HCD-APR-through-2025,2026-08-08T18:25:52Z,dc0c6c52468ffe95159a7ac7e2d85569f2e28640451e90455cc13b3d4cf73da6,published,Jurisdiction-reported building permits aggregated to county by The Bay Outlook.
production_targets,H3,hcd_apr_above_permitted_units,HCD-reported ABOVE permitted units,06097,Sonoma,2025,2025-12-31,annual,1088.0,housing units,,CA_HCD_APR,1,HCD-APR-through-2025,2026-08-08T18:25:52Z,dc0c6c52468ffe95159a7ac7e2d85569f2e28640451e90455cc13b3d4cf73da6,published,Jurisdiction-reported building permits aggregated to county by The Bay Outlook.
production_targets,H3,hcd_apr_li_permitted_units,HCD-reported LI permitted units,06001,Alameda,2025,2025-12-31,annual,810.0,housing units,,CA_HCD_APR,1,HCD-APR-through-2025,2026-08-08T18:25:52Z,dc0c6c52468ffe95159a7ac7e2d85569f2e28640451e90455cc13b3d4cf73da6,published,Jurisdiction-reported building permits aggregated to county by The Bay Outlook.
production_targets,H3,hcd_apr_li_permitted_units,HCD-reported LI permitted units,06013,Contra Costa,2025,2025-12-31,annual,618.0,housing units,,CA_HCD_APR,1,HCD-APR-through-2025,2026-08-08T18:25:52Z,dc0c6c52468ffe95159a7ac7e2d85569f2e28640451e90455cc13b3d4cf73da6,published,Jurisdiction-reported building permits aggregated to county by The Bay Outlook.
production_targets,H3,hcd_apr_li_permitted_units,HCD-reported LI permitted units,06041,Marin,2025,2025-12-31,annual,97.0,housing units,,CA_HCD_APR,1,HCD-APR-through-2025,2026-08-08T18:25:52Z,dc0c6c52468ffe95159a7ac7e2d85569f2e28640451e90455cc13b3d4cf73da6,published,Jurisdiction-reported building permits aggregated to county by The Bay Outlook.
production_targets,H3,hcd_apr_li_permitted_units,HCD-reported LI permitted units,06055,Napa,2025,2025-12-31,annual,44.0,housing units,,CA_HCD_APR,1,HCD-APR-through-2025,2026-08-08T18:25:52Z,dc0c6c52468ffe95159a7ac7e2d85569f2e28640451e90455cc13b3d4cf73da6,published,Jurisdiction-reported building permits aggregated to county by The Bay Outlook.
production_targets,H3,hcd_apr_li_permitted_units,HCD-reported LI permitted units,06075,San Francisco,2025,2025-12-31,annual,567.0,housing units,,CA_HCD_APR,1,HCD-APR-through-2025,2026-08-08T18:25:52Z,dc0c6c52468ffe95159a7ac7e2d85569f2e28640451e90455cc13b3d4cf73da6,published,Jurisdiction-reported building permits aggregated to county by The Bay Outlook.
production_targets,H3,hcd_apr_li_permitted_units,HCD-reported LI permitted units,06081,San Mateo,2025,2025-12-31,annual,1043.0,housing units,,CA_HCD_APR,1,HCD-APR-through-2025,2026-08-08T18:25:52Z,dc0c6c52468ffe95159a7ac7e2d85569f2e28640451e90455cc13b3d4cf73da6,published,Jurisdiction-reported building permits aggregated to county by The Bay Outlook.
production_targets,H3,hcd_apr_li_permitted_units,HCD-reported LI permitted units,06085,Santa Clara,2025,2025-12-31,annual,862.0,housing units,,CA_HCD_APR,1,HCD-APR-through-2025,2026-08-08T18:25:52Z,dc0c6c52468ffe95159a7ac7e2d85569f2e28640451e90455cc13b3d4cf73da6,published,Jurisdiction-reported building permits aggregated to county by The Bay Outlook.
production_targets,H3,hcd_apr_li_permitted_units,HCD-reported LI permitted units,06095,Solano,2025,2025-12-31,annual,55.0,housing units,,CA_HCD_APR,1,HCD-APR-through-2025,2026-08-08T18:25:52Z,dc0c6c52468ffe95159a7ac7e2d85569f2e28640451e90455cc13b3d4cf73da6,published,Jurisdiction-reported building permits aggregated to county by The Bay Outlook.
production_targets,H3,hcd_apr_li_permitted_units,HCD-reported LI permitted units,06097,Sonoma,2025,2025-12-31,annual,311.0,housing units,,CA_HCD_APR,1,HCD-APR-through-2025,2026-08-08T18:25:52Z,dc0c6c52468ffe95159a7ac7e2d85569f2e28640451e90455cc13b3d4cf73da6,published,Jurisdiction-reported building permits aggregated to county by The Bay Outlook.
production_targets,H3,hcd_apr_mod_permitted_units,HCD-reported MOD permitted units,06001,Alameda,2025,2025-12-31,annual,620.0,housing units,,CA_HCD_APR,1,HCD-APR-through-2025,2026-08-08T18:25:52Z,dc0c6c52468ffe95159a7ac7e2d85569f2e28640451e90455cc13b3d4cf73da6,published,Jurisdiction-reported building permits aggregated to county by The Bay Outlook.
production_targets,H3,hcd_apr_mod_permitted_units,HCD-reported MOD permitted units,06013,Contra Costa,2025,2025-12-31,annual,332.0,housing units,,CA_HCD_APR,1,HCD-APR-through-2025,2026-08-08T18:25:52Z,dc0c6c52468ffe95159a7ac7e2d85569f2e28640451e90455cc13b3d4cf73da6,published,Jurisdiction-reported building permits aggregated to county by The Bay Outlook.
production_targets,H3,hcd_apr_mod_permitted_units,HCD-reported MOD permitted units,06041,Marin,2025,2025-12-31,annual,76.0,housing units,,CA_HCD_APR,1,HCD-APR-through-2025,2026-08-08T18:25:52Z,dc0c6c52468ffe95159a7ac7e2d85569f2e28640451e90455cc13b3d4cf73da6,published,Jurisdiction-reported building permits aggregated to county by The Bay Outlook.
production_targets,H3,hcd_apr_mod_permitted_units,HCD-reported MOD permitted units,06055,Napa,2025,2025-12-31,annual,42.0,housing units,,CA_HCD_APR,1,HCD-APR-through-2025,2026-08-08T18:25:52Z,dc0c6c52468ffe95159a7ac7e2d85569f2e28640451e90455cc13b3d4cf73da6,published,Jurisdiction-reported building permits aggregated to county by The Bay Outlook.
production_targets,H3,hcd_apr_mod_permitted_units,HCD-reported MOD permitted units,06075,San Francisco,2025,2025-12-31,annual,276.0,housing units,,CA_HCD_APR,1,HCD-APR-through-2025,2026-08-08T18:25:52Z,dc0c6c52468ffe95159a7ac7e2d85569f2e28640451e90455cc13b3d4cf73da6,published,Jurisdiction-reported building permits aggregated to county by The Bay Outlook.
production_targets,H3,hcd_apr_mod_permitted_units,HCD-reported MOD permitted units,06081,San Mateo,2025,2025-12-31,annual,349.0,housing units,,CA_HCD_APR,1,HCD-APR-through-2025,2026-08-08T18:25:52Z,dc0c6c52468ffe95159a7ac7e2d85569f2e28640451e90455cc13b3d4cf73da6,published,Jurisdiction-reported building permits aggregated to county by The Bay Outlook.
production_targets,H3,hcd_apr_mod_permitted_units,HCD-reported MOD permitted units,06085,Santa Clara,2025,2025-12-31,annual,1492.0,housing units,,CA_HCD_APR,1,HCD-APR-through-2025,2026-08-08T18:25:52Z,dc0c6c52468ffe95159a7ac7e2d85569f2e28640451e90455cc13b3d4cf73da6,published,Jurisdiction-reported building permits aggregated to county by The Bay Outlook.
production_targets,H3,hcd_apr_mod_permitted_units,HCD-reported MOD permitted units,06095,Solano,2025,2025-12-31,annual,181.0,housing units,,CA_HCD_APR,1,HCD-APR-through-2025,2026-08-08T18:25:52Z,dc0c6c52468ffe95159a7ac7e2d85569f2e28640451e90455cc13b3d4cf73da6,published,Jurisdiction-reported building permits aggregated to county by The Bay Outlook.
production_targets,H3,hcd_apr_mod_permitted_units,HCD-reported MOD permitted units,06097,Sonoma,2025,2025-12-31,annual,110.0,housing units,,CA_HCD_APR,1,HCD-APR-through-2025,2026-08-08T18:25:52Z,dc0c6c52468ffe95159a7ac7e2d85569f2e28640451e90455cc13b3d4cf73da6,published,Jurisdiction-reported building permits aggregated to county by The Bay Outlook.
production_targets,H3,hcd_apr_permitted_units,HCD-reported permitted units,06001,Alameda,2025,2025-12-31,annual,5000.0,housing units,,CA_HCD_APR,1,HCD-APR-through-2025,2026-08-08T18:25:52Z,dc0c6c52468ffe95159a7ac7e2d85569f2e28640451e90455cc13b3d4cf73da6,published,Jurisdiction-reported building permits aggregated to county by The Bay Outlook.
production_targets,H3,hcd_apr_permitted_units,HCD-reported permitted units,06013,Contra Costa,2025,2025-12-31,annual,2669.0,housing units,,CA_HCD_APR,1,HCD-APR-through-2025,2026-08-08T18:25:52Z,dc0c6c52468ffe95159a7ac7e2d85569f2e28640451e90455cc13b3d4cf73da6,published,Jurisdiction-reported building permits aggregated to county by The Bay Outlook.
production_targets,H3,hcd_apr_permitted_units,HCD-reported permitted units,06041,Marin,2025,2025-12-31,annual,486.0,housing units,,CA_HCD_APR,1,HCD-APR-through-2025,2026-08-08T18:25:52Z,dc0c6c52468ffe95159a7ac7e2d85569f2e28640451e90455cc13b3d4cf73da6,published,Jurisdiction-reported building permits aggregated to county by The Bay Outlook.
production_targets,H3,hcd_apr_permitted_units,HCD-reported permitted units,06055,Napa,2025,2025-12-31,annual,440.0,housing units,,CA_HCD_APR,1,HCD-APR-through-2025,2026-08-08T18:25:52Z,dc0c6c52468ffe95159a7ac7e2d85569f2e28640451e90455cc13b3d4cf73da6,published,Jurisdiction-reported building permits aggregated to county by The Bay Outlook.
production_targets,H3,hcd_apr_permitted_units,HCD-reported permitted units,06075,San Francisco,2025,2025-12-31,annual,1959.0,housing units,,CA_HCD_APR,1,HCD-APR-through-2025,2026-08-08T18:25:52Z,dc0c6c52468ffe95159a7ac7e2d85569f2e28640451e90455cc13b3d4cf73da6,published,Jurisdiction-reported building permits aggregated to county by The Bay Outlook.
production_targets,H3,hcd_apr_permitted_units,HCD-reported permitted units,06081,San Mateo,2025,2025-12-31,annual,3987.0,housing units,,CA_HCD_APR,1,HCD-APR-through-2025,2026-08-08T18:25:52Z,dc0c6c52468ffe95159a7ac7e2d85569f2e28640451e90455cc13b3d4cf73da6,published,Jurisdiction-reported building permits aggregated to county by The Bay Outlook.
production_targets,H3,hcd_apr_permitted_units,HCD-reported permitted units,06085,Santa Clara,2025,2025-12-31,annual,6154.0,housing units,,CA_HCD_APR,1,HCD-APR-through-2025,2026-08-08T18:25:52Z,dc0c6c52468ffe95159a7ac7e2d85569f2e28640451e90455cc13b3d4cf73da6,published,Jurisdiction-reported building permits aggregated to county by The Bay Outlook.
production_targets,H3,hcd_apr_permitted_units,HCD-reported permitted units,06095,Solano,2025,2025-12-31,annual,1493.0,housing units,,CA_HCD_APR,1,HCD-APR-through-2025,2026-08-08T18:25:52Z,dc0c6c52468ffe95159a7ac7e2d85569f2e28640451e90455cc13b3d4cf73da6,published,Jurisdiction-reported building permits aggregated to county by The Bay Outlook.
production_targets,H3,hcd_apr_permitted_units,HCD-reported permitted units,06097,Sonoma,2025,2025-12-31,annual,1903.0,housing units,,CA_HCD_APR,1,HCD-APR-through-2025,2026-08-08T18:25:52Z,dc0c6c52468ffe95159a7ac7e2d85569f2e28640451e90455cc13b3d4cf73da6,published,Jurisdiction-reported building permits aggregated to county by The Bay Outlook.
production_targets,H3,hcd_apr_vli_permitted_units,HCD-reported VLI permitted units,06001,Alameda,2025,2025-12-31,annual,1110.0,housing units,,CA_HCD_APR,1,HCD-APR-through-2025,2026-08-08T18:25:52Z,dc0c6c52468ffe95159a7ac7e2d85569f2e28640451e90455cc13b3d4cf73da6,published,Jurisdiction-reported building permits aggregated to county by The Bay Outlook.
production_targets,H3,hcd_apr_vli_permitted_units,HCD-reported VLI permitted units,06013,Contra Costa,2025,2025-12-31,annual,455.0,housing units,,CA_HCD_APR,1,HCD-APR-through-2025,2026-08-08T18:25:52Z,dc0c6c52468ffe95159a7ac7e2d85569f2e28640451e90455cc13b3d4cf73da6,published,Jurisdiction-reported building permits aggregated to county by The Bay Outlook.
production_targets,H3,hcd_apr_vli_permitted_units,HCD-reported VLI permitted units,06041,Marin,2025,2025-12-31,annual,135.0,housing units,,CA_HCD_APR,1,HCD-APR-through-2025,2026-08-08T18:25:52Z,dc0c6c52468ffe95159a7ac7e2d85569f2e28640451e90455cc13b3d4cf73da6,published,Jurisdiction-reported building permits aggregated to county by The Bay Outlook.
production_targets,H3,hcd_apr_vli_permitted_units,HCD-reported VLI permitted units,06055,Napa,2025,2025-12-31,annual,35.0,housing units,,CA_HCD_APR,1,HCD-APR-through-2025,2026-08-08T18:25:52Z,dc0c6c52468ffe95159a7ac7e2d85569f2e28640451e90455cc13b3d4cf73da6,published,Jurisdiction-reported building permits aggregated to county by The Bay Outlook.
production_targets,H3,hcd_apr_vli_permitted_units,HCD-reported VLI permitted units,06075,San Francisco,2025,2025-12-31,annual,762.0,housing units,,CA_HCD_APR,1,HCD-APR-through-2025,2026-08-08T18:25:52Z,dc0c6c52468ffe95159a7ac7e2d85569f2e28640451e90455cc13b3d4cf73da6,published,Jurisdiction-reported building permits aggregated to county by The Bay Outlook.
production_targets,H3,hcd_apr_vli_permitted_units,HCD-reported VLI permitted units,06081,San Mateo,2025,2025-12-31,annual,673.0,housing units,,CA_HCD_APR,1,HCD-APR-through-2025,2026-08-08T18:25:52Z,dc0c6c52468ffe95159a7ac7e2d85569f2e28640451e90455cc13b3d4cf73da6,published,Jurisdiction-reported building permits aggregated to county by The Bay Outlook.
production_targets,H3,hcd_apr_vli_permitted_units,HCD-reported VLI permitted units,06085,Santa Clara,2025,2025-12-31,annual,1169.0,housing units,,CA_HCD_APR,1,HCD-APR-through-2025,2026-08-08T18:25:52Z,dc0c6c52468ffe95159a7ac7e2d85569f2e28640451e90455cc13b3d4cf73da6,published,Jurisdiction-reported building permits aggregated to county by The Bay Outlook.
production_targets,H3,hcd_apr_vli_permitted_units,HCD-reported VLI permitted units,06095,Solano,2025,2025-12-31,annual,117.0,housing units,,CA_HCD_APR,1,HCD-APR-through-2025,2026-08-08T18:25:52Z,dc0c6c52468ffe95159a7ac7e2d85569f2e28640451e90455cc13b3d4cf73da6,published,Jurisdiction-reported building permits aggregated to county by The Bay Outlook.
production_targets,H3,hcd_apr_vli_permitted_units,HCD-reported VLI permitted units,06097,Sonoma,2025,2025-12-31,annual,394.0,housing units,,CA_HCD_APR,1,HCD-APR-through-2025,2026-08-08T18:25:52Z,dc0c6c52468ffe95159a7ac7e2d85569f2e28640451e90455cc13b3d4cf73da6,published,Jurisdiction-reported building permits aggregated to county by The Bay Outlook.
affordability_ratios,H2,home_value_to_income_ratio,Median home value to median household income,06001,Alameda,2024,2024-12-31,annual five-year estimate,8.426414773473915,ratio,,CENSUS_ACS5_BULK,1,ACS5-2024-B25077+B19013,2026-08-08T18:25:52Z,eb90d1c1ce46d78018ac72d7542a2da6d40891da67ea5f592592bba379b3cda4,median owner-reported home value divided by median household income,"Ratio of two medians; excludes mortgage rates, taxes, insurance, and down payments."
affordability_ratios,H2,home_value_to_income_ratio,Median home value to median household income,06013,Contra Costa,2024,2024-12-31,annual five-year estimate,6.8129121505317185,ratio,,CENSUS_ACS5_BULK,1,ACS5-2024-B25077+B19013,2026-08-08T18:25:52Z,eb90d1c1ce46d78018ac72d7542a2da6d40891da67ea5f592592bba379b3cda4,median owner-reported home value divided by median household income,"Ratio of two medians; excludes mortgage rates, taxes, insurance, and down payments."
affordability_ratios,H2,home_value_to_income_ratio,Median home value to median household income,06041,Marin,2024,2024-12-31,annual five-year estimate,10.109932859797036,ratio,,CENSUS_ACS5_BULK,1,ACS5-2024-B25077+B19013,2026-08-08T18:25:52Z,eb90d1c1ce46d78018ac72d7542a2da6d40891da67ea5f592592bba379b3cda4,median owner-reported home value divided by median household income,"Ratio of two medians; excludes mortgage rates, taxes, insurance, and down payments."
affordability_ratios,H2,home_value_to_income_ratio,Median home value to median household income,06055,Napa,2024,2024-12-31,annual five-year estimate,7.800235038709619,ratio,,CENSUS_ACS5_BULK,1,ACS5-2024-B25077+B19013,2026-08-08T18:25:52Z,eb90d1c1ce46d78018ac72d7542a2da6d40891da67ea5f592592bba379b3cda4,median owner-reported home value divided by median household income,"Ratio of two medians; excludes mortgage rates, taxes, insurance, and down payments."
affordability_ratios,H2,home_value_to_income_ratio,Median home value to median household income,06075,San Francisco,2024,2024-12-31,annual five-year estimate,9.892175640207137,ratio,,CENSUS_ACS5_BULK,1,ACS5-2024-B25077+B19013,2026-08-08T18:25:52Z,eb90d1c1ce46d78018ac72d7542a2da6d40891da67ea5f592592bba379b3cda4,median owner-reported home value divided by median household income,"Ratio of two medians; excludes mortgage rates, taxes, insurance, and down payments."
affordability_ratios,H2,home_value_to_income_ratio,Median home value to median household income,06081,San Mateo,2024,2024-12-31,annual five-year estimate,9.81775833307104,ratio,,CENSUS_ACS5_BULK,1,ACS5-2024-B25077+B19013,2026-08-08T18:25:52Z,eb90d1c1ce46d78018ac72d7542a2da6d40891da67ea5f592592bba379b3cda4,median owner-reported home value divided by median household income,"Ratio of two medians; excludes mortgage rates, taxes, insurance, and down payments."
affordability_ratios,H2,home_value_to_income_ratio,Median home value to median household income,06085,Santa Clara,2024,2024-12-31,annual five-year estimate,9.073477760666176,ratio,,CENSUS_ACS5_BULK,1,ACS5-2024-B25077+B19013,2026-08-08T18:25:52Z,eb90d1c1ce46d78018ac72d7542a2da6d40891da67ea5f592592bba379b3cda4,median owner-reported home value divided by median household income,"Ratio of two medians; excludes mortgage rates, taxes, insurance, and down payments."
affordability_ratios,H2,home_value_to_income_ratio,Median home value to median household income,06095,Solano,2024,2024-12-31,annual five-year estimate,6.152329160068127,ratio,,CENSUS_ACS5_BULK,1,ACS5-2024-B25077+B19013,2026-08-08T18:25:52Z,eb90d1c1ce46d78018ac72d7542a2da6d40891da67ea5f592592bba379b3cda4,median owner-reported home value divided by median household income,"Ratio of two medians; excludes mortgage rates, taxes, insurance, and down payments."
affordability_ratios,H2,home_value_to_income_ratio,Median home value to median household income,06097,Sonoma,2024,2024-12-31,annual five-year estimate,7.790855417773277,ratio,,CENSUS_ACS5_BULK,1,ACS5-2024-B25077+B19013,2026-08-08T18:25:52Z,eb90d1c1ce46d78018ac72d7542a2da6d40891da67ea5f592592bba379b3cda4,median owner-reported home value divided by median household income,"Ratio of two medians; excludes mortgage rates, taxes, insurance, and down payments."
home_sales,H2,homes_sold,Homes sold,06001,Alameda,2026-06,2026-06-30,monthly,1080.0,homes,,REDFIN_HMT,2,Redfin-HMT-updated-2026-07-03,2026-08-08T18:25:52Z,fdfb372967fa31f8e24b1dec842e5ef9e1400dc3b0d7dcfd07ad915a17fb508b,published,Redfin market data are subject to revision and reflect Redfin's documented market coverage; this is not a government statistic.
home_sales,H2,homes_sold,Homes sold,06013,Contra Costa,2026-06,2026-06-30,monthly,992.0,homes,,REDFIN_HMT,2,Redfin-HMT-updated-2026-07-03,2026-08-08T18:25:52Z,fdfb372967fa31f8e24b1dec842e5ef9e1400dc3b0d7dcfd07ad915a17fb508b,published,Redfin market data are subject to revision and reflect Redfin's documented market coverage; this is not a government statistic.
home_sales,H2,homes_sold,Homes sold,06041,Marin,2026-06,2026-06-30,monthly,313.0,homes,,REDFIN_HMT,2,Redfin-HMT-updated-2026-07-03,2026-08-08T18:25:52Z,fdfb372967fa31f8e24b1dec842e5ef9e1400dc3b0d7dcfd07ad915a17fb508b,published,Redfin market data are subject to revision and reflect Redfin's documented market coverage; this is not a government statistic.
home_sales,H2,homes_sold,Homes sold,06055,Napa,2026-06,2026-06-30,monthly,107.0,homes,,REDFIN_HMT,2,Redfin-HMT-updated-2026-07-03,2026-08-08T18:25:52Z,fdfb372967fa31f8e24b1dec842e5ef9e1400dc3b0d7dcfd07ad915a17fb508b,published,Redfin market data are subject to revision and reflect Redfin's documented market coverage; this is not a government statistic.
home_sales,H2,homes_sold,Homes sold,06075,San Francisco,2026-06,2026-06-30,monthly,644.0,homes,,REDFIN_HMT,2,Redfin-HMT-updated-2026-07-03,2026-08-08T18:25:52Z,fdfb372967fa31f8e24b1dec842e5ef9e1400dc3b0d7dcfd07ad915a17fb508b,published,Redfin market data are subject to revision and reflect Redfin's documented market coverage; this is not a government statistic.
home_sales,H2,homes_sold,Homes sold,06081,San Mateo,2026-06,2026-06-30,monthly,577.0,homes,,REDFIN_HMT,2,Redfin-HMT-updated-2026-07-03,2026-08-08T18:25:52Z,fdfb372967fa31f8e24b1dec842e5ef9e1400dc3b0d7dcfd07ad915a17fb508b,published,Redfin market data are subject to revision and reflect Redfin's documented market coverage; this is not a government statistic.
home_sales,H2,homes_sold,Homes sold,06085,Santa Clara,2026-06,2026-06-30,monthly,1199.0,homes,,REDFIN_HMT,2,Redfin-HMT-updated-2026-07-03,2026-08-08T18:25:52Z,fdfb372967fa31f8e24b1dec842e5ef9e1400dc3b0d7dcfd07ad915a17fb508b,published,Redfin market data are subject to revision and reflect Redfin's documented market coverage; this is not a government statistic.
home_sales,H2,homes_sold,Homes sold,06095,Solano,2026-06,2026-06-30,monthly,369.0,homes,,REDFIN_HMT,2,Redfin-HMT-updated-2026-07-03,2026-08-08T18:25:52Z,fdfb372967fa31f8e24b1dec842e5ef9e1400dc3b0d7dcfd07ad915a17fb508b,published,Redfin market data are subject to revision and reflect Redfin's documented market coverage; this is not a government statistic.
home_sales,H2,homes_sold,Homes sold,06097,Sonoma,2026-06,2026-06-30,monthly,453.0,homes,,REDFIN_HMT,2,Redfin-HMT-updated-2026-07-03,2026-08-08T18:25:52Z,fdfb372967fa31f8e24b1dec842e5ef9e1400dc3b0d7dcfd07ad915a17fb508b,published,Redfin market data are subject to revision and reflect Redfin's documented market coverage; this is not a government statistic.
vacancy,H4,housing_vacancy_rate,Housing vacancy rate,06001,Alameda,2024,2024-12-31,annual five-year estimate,6.115076301136827,percent,,CENSUS_ACS5_BULK,1,ACS5-2024-B25002,2026-08-08T18:25:52Z,f44fbe9531f25e9817fcf72c8cc22fff52af6f2494c57d4d9ef518a37a4c74f3,B25002 vacant units divided by total housing units,Derived point estimate; no derived margin of error is asserted.
vacancy,H4,housing_vacancy_rate,Housing vacancy rate,06013,Contra Costa,2024,2024-12-31,annual five-year estimate,3.4578111168056656,percent,,CENSUS_ACS5_BULK,1,ACS5-2024-B25002,2026-08-08T18:25:52Z,f44fbe9531f25e9817fcf72c8cc22fff52af6f2494c57d4d9ef518a37a4c74f3,B25002 vacant units divided by total housing units,Derived point estimate; no derived margin of error is asserted.
vacancy,H4,housing_vacancy_rate,Housing vacancy rate,06041,Marin,2024,2024-12-31,annual five-year estimate,8.114809661422099,percent,,CENSUS_ACS5_BULK,1,ACS5-2024-B25002,2026-08-08T18:25:52Z,f44fbe9531f25e9817fcf72c8cc22fff52af6f2494c57d4d9ef518a37a4c74f3,B25002 vacant units divided by total housing units,Derived point estimate; no derived margin of error is asserted.
vacancy,H4,housing_vacancy_rate,Housing vacancy rate,06055,Napa,2024,2024-12-31,annual five-year estimate,10.846157980543563,percent,,CENSUS_ACS5_BULK,1,ACS5-2024-B25002,2026-08-08T18:25:52Z,f44fbe9531f25e9817fcf72c8cc22fff52af6f2494c57d4d9ef518a37a4c74f3,B25002 vacant units divided by total housing units,Derived point estimate; no derived margin of error is asserted.
vacancy,H4,housing_vacancy_rate,Housing vacancy rate,06075,San Francisco,2024,2024-12-31,annual five-year estimate,12.212193863030087,percent,,CENSUS_ACS5_BULK,1,ACS5-2024-B25002,2026-08-08T18:25:52Z,f44fbe9531f25e9817fcf72c8cc22fff52af6f2494c57d4d9ef518a37a4c74f3,B25002 vacant units divided by total housing units,Derived point estimate; no derived margin of error is asserted.
vacancy,H4,housing_vacancy_rate,Housing vacancy rate,06081,San Mateo,2024,2024-12-31,annual five-year estimate,7.926973647556967,percent,,CENSUS_ACS5_BULK,1,ACS5-2024-B25002,2026-08-08T18:25:52Z,f44fbe9531f25e9817fcf72c8cc22fff52af6f2494c57d4d9ef518a37a4c74f3,B25002 vacant units divided by total housing units,Derived point estimate; no derived margin of error is asserted.
vacancy,H4,housing_vacancy_rate,Housing vacancy rate,06085,Santa Clara,2024,2024-12-31,annual five-year estimate,5.649958430935969,percent,,CENSUS_ACS5_BULK,1,ACS5-2024-B25002,2026-08-08T18:25:52Z,f44fbe9531f25e9817fcf72c8cc22fff52af6f2494c57d4d9ef518a37a4c74f3,B25002 vacant units divided by total housing units,Derived point estimate; no derived margin of error is asserted.
vacancy,H4,housing_vacancy_rate,Housing vacancy rate,06095,Solano,2024,2024-12-31,annual five-year estimate,4.360233889722089,percent,,CENSUS_ACS5_BULK,1,ACS5-2024-B25002,2026-08-08T18:25:52Z,f44fbe9531f25e9817fcf72c8cc22fff52af6f2494c57d4d9ef518a37a4c74f3,B25002 vacant units divided by total housing units,Derived point estimate; no derived margin of error is asserted.
vacancy,H4,housing_vacancy_rate,Housing vacancy rate,06097,Sonoma,2024,2024-12-31,annual five-year estimate,8.040963124521543,percent,,CENSUS_ACS5_BULK,1,ACS5-2024-B25002,2026-08-08T18:25:52Z,f44fbe9531f25e9817fcf72c8cc22fff52af6f2494c57d4d9ef518a37a4c74f3,B25002 vacant units divided by total housing units,Derived point estimate; no derived margin of error is asserted.
home_sales,H2,median_days_on_market,Median days on market,06001,Alameda,2026-06,2026-06-30,monthly,17.0,days,,REDFIN_HMT,2,Redfin-HMT-updated-2026-07-03,2026-08-08T18:25:52Z,fdfb372967fa31f8e24b1dec842e5ef9e1400dc3b0d7dcfd07ad915a17fb508b,published,Redfin market data are subject to revision and reflect Redfin's documented market coverage; this is not a government statistic.
home_sales,H2,median_days_on_market,Median days on market,06013,Contra Costa,2026-06,2026-06-30,monthly,18.0,days,,REDFIN_HMT,2,Redfin-HMT-updated-2026-07-03,2026-08-08T18:25:52Z,fdfb372967fa31f8e24b1dec842e5ef9e1400dc3b0d7dcfd07ad915a17fb508b,published,Redfin market data are subject to revision and reflect Redfin's documented market coverage; this is not a government statistic.
home_sales,H2,median_days_on_market,Median days on market,06041,Marin,2026-06,2026-06-30,monthly,26.0,days,,REDFIN_HMT,2,Redfin-HMT-updated-2026-07-03,2026-08-08T18:25:52Z,fdfb372967fa31f8e24b1dec842e5ef9e1400dc3b0d7dcfd07ad915a17fb508b,published,Redfin market data are subject to revision and reflect Redfin's documented market coverage; this is not a government statistic.
home_sales,H2,median_days_on_market,Median days on market,06055,Napa,2026-06,2026-06-30,monthly,52.0,days,,REDFIN_HMT,2,Redfin-HMT-updated-2026-07-03,2026-08-08T18:25:52Z,fdfb372967fa31f8e24b1dec842e5ef9e1400dc3b0d7dcfd07ad915a17fb508b,published,Redfin market data are subject to revision and reflect Redfin's documented market coverage; this is not a government statistic.
home_sales,H2,median_days_on_market,Median days on market,06075,San Francisco,2026-06,2026-06-30,monthly,19.0,days,,REDFIN_HMT,2,Redfin-HMT-updated-2026-07-03,2026-08-08T18:25:52Z,fdfb372967fa31f8e24b1dec842e5ef9e1400dc3b0d7dcfd07ad915a17fb508b,published,Redfin market data are subject to revision and reflect Redfin's documented market coverage; this is not a government statistic.
home_sales,H2,median_days_on_market,Median days on market,06081,San Mateo,2026-06,2026-06-30,monthly,15.0,days,,REDFIN_HMT,2,Redfin-HMT-updated-2026-07-03,2026-08-08T18:25:52Z,fdfb372967fa31f8e24b1dec842e5ef9e1400dc3b0d7dcfd07ad915a17fb508b,published,Redfin market data are subject to revision and reflect Redfin's documented market coverage; this is not a government statistic.
home_sales,H2,median_days_on_market,Median days on market,06085,Santa Clara,2026-06,2026-06-30,monthly,18.0,days,,REDFIN_HMT,2,Redfin-HMT-updated-2026-07-03,2026-08-08T18:25:52Z,fdfb372967fa31f8e24b1dec842e5ef9e1400dc3b0d7dcfd07ad915a17fb508b,published,Redfin market data are subject to revision and reflect Redfin's documented market coverage; this is not a government statistic.
home_sales,H2,median_days_on_market,Median days on market,06095,Solano,2026-06,2026-06-30,monthly,38.0,days,,REDFIN_HMT,2,Redfin-HMT-updated-2026-07-03,2026-08-08T18:25:52Z,fdfb372967fa31f8e24b1dec842e5ef9e1400dc3b0d7dcfd07ad915a17fb508b,published,Redfin market data are subject to revision and reflect Redfin's documented market coverage; this is not a government statistic.
home_sales,H2,median_days_on_market,Median days on market,06097,Sonoma,2026-06,2026-06-30,monthly,36.0,days,,REDFIN_HMT,2,Redfin-HMT-updated-2026-07-03,2026-08-08T18:25:52Z,fdfb372967fa31f8e24b1dec842e5ef9e1400dc3b0d7dcfd07ad915a17fb508b,published,Redfin market data are subject to revision and reflect Redfin's documented market coverage; this is not a government statistic.
rental_trends,H2,median_gross_rent,Median gross rent,06001,Alameda,2024,2024-12-31,annual five-year estimate,2357.0,current dollars per month,16.0,CENSUS_ACS5_BULK,1,ACS5-2024-B25064,2026-08-08T18:25:52Z,cb9a8e1adbece0f5f5bb34a7503e374287fcc416120ca45b4a487aaf10dcdcce,published,ACS five-year estimate; consecutive vintages contain overlapping survey years.
rental_trends,H2,median_gross_rent,Median gross rent,06013,Contra Costa,2024,2024-12-31,annual five-year estimate,2375.0,current dollars per month,22.0,CENSUS_ACS5_BULK,1,ACS5-2024-B25064,2026-08-08T18:25:52Z,cb9a8e1adbece0f5f5bb34a7503e374287fcc416120ca45b4a487aaf10dcdcce,published,ACS five-year estimate; consecutive vintages contain overlapping survey years.
rental_trends,H2,median_gross_rent,Median gross rent,06041,Marin,2024,2024-12-31,annual five-year estimate,2668.0,current dollars per month,83.0,CENSUS_ACS5_BULK,1,ACS5-2024-B25064,2026-08-08T18:25:52Z,cb9a8e1adbece0f5f5bb34a7503e374287fcc416120ca45b4a487aaf10dcdcce,published,ACS five-year estimate; consecutive vintages contain overlapping survey years.
rental_trends,H2,median_gross_rent,Median gross rent,06055,Napa,2024,2024-12-31,annual five-year estimate,2237.0,current dollars per month,56.0,CENSUS_ACS5_BULK,1,ACS5-2024-B25064,2026-08-08T18:25:52Z,cb9a8e1adbece0f5f5bb34a7503e374287fcc416120ca45b4a487aaf10dcdcce,published,ACS five-year estimate; consecutive vintages contain overlapping survey years.
rental_trends,H2,median_gross_rent,Median gross rent,06075,San Francisco,2024,2024-12-31,annual five-year estimate,2476.0,current dollars per month,30.0,CENSUS_ACS5_BULK,1,ACS5-2024-B25064,2026-08-08T18:25:52Z,cb9a8e1adbece0f5f5bb34a7503e374287fcc416120ca45b4a487aaf10dcdcce,published,ACS five-year estimate; consecutive vintages contain overlapping survey years.
rental_trends,H2,median_gross_rent,Median gross rent,06081,San Mateo,2024,2024-12-31,annual five-year estimate,2922.0,current dollars per month,40.0,CENSUS_ACS5_BULK,1,ACS5-2024-B25064,2026-08-08T18:25:52Z,cb9a8e1adbece0f5f5bb34a7503e374287fcc416120ca45b4a487aaf10dcdcce,published,ACS five-year estimate; consecutive vintages contain overlapping survey years.
rental_trends,H2,median_gross_rent,Median gross rent,06085,Santa Clara,2024,2024-12-31,annual five-year estimate,2857.0,current dollars per month,19.0,CENSUS_ACS5_BULK,1,ACS5-2024-B25064,2026-08-08T18:25:52Z,cb9a8e1adbece0f5f5bb34a7503e374287fcc416120ca45b4a487aaf10dcdcce,published,ACS five-year estimate; consecutive vintages contain overlapping survey years.
rental_trends,H2,median_gross_rent,Median gross rent,06095,Solano,2024,2024-12-31,annual five-year estimate,2163.0,current dollars per month,31.0,CENSUS_ACS5_BULK,1,ACS5-2024-B25064,2026-08-08T18:25:52Z,cb9a8e1adbece0f5f5bb34a7503e374287fcc416120ca45b4a487aaf10dcdcce,published,ACS five-year estimate; consecutive vintages contain overlapping survey years.
rental_trends,H2,median_gross_rent,Median gross rent,06097,Sonoma,2024,2024-12-31,annual five-year estimate,2158.0,current dollars per month,30.0,CENSUS_ACS5_BULK,1,ACS5-2024-B25064,2026-08-08T18:25:52Z,cb9a8e1adbece0f5f5bb34a7503e374287fcc416120ca45b4a487aaf10dcdcce,published,ACS five-year estimate; consecutive vintages contain overlapping survey years.
affordability_ratios,H2,median_home_value,Median owner-occupied home value,06001,Alameda,2024,2024-12-31,annual five-year estimate,1090100.0,current dollars,6313.0,CENSUS_ACS5_BULK,1,ACS5-2024-B25077,2026-08-08T18:25:52Z,9c6a70636f2b0cde2060c0adb651dae448cbd868829ea55f30d80efb4dfacf68,published,"Owner-reported ACS value, not a transaction price."
affordability_ratios,H2,median_home_value,Median owner-occupied home value,06013,Contra Costa,2024,2024-12-31,annual five-year estimate,866800.0,current dollars,6426.0,CENSUS_ACS5_BULK,1,ACS5-2024-B25077,2026-08-08T18:25:52Z,9c6a70636f2b0cde2060c0adb651dae448cbd868829ea55f30d80efb4dfacf68,published,"Owner-reported ACS value, not a transaction price."
affordability_ratios,H2,median_home_value,Median owner-occupied home value,06041,Marin,2024,2024-12-31,annual five-year estimate,1507300.0,current dollars,27346.0,CENSUS_ACS5_BULK,1,ACS5-2024-B25077,2026-08-08T18:25:52Z,9c6a70636f2b0cde2060c0adb651dae448cbd868829ea55f30d80efb4dfacf68,published,"Owner-reported ACS value, not a transaction price."
affordability_ratios,H2,median_home_value,Median owner-occupied home value,06055,Napa,2024,2024-12-31,annual five-year estimate,869500.0,current dollars,15451.0,CENSUS_ACS5_BULK,1,ACS5-2024-B25077,2026-08-08T18:25:52Z,9c6a70636f2b0cde2060c0adb651dae448cbd868829ea55f30d80efb4dfacf68,published,"Owner-reported ACS value, not a transaction price."
affordability_ratios,H2,median_home_value,Median owner-occupied home value,06075,San Francisco,2024,2024-12-31,annual five-year estimate,1394500.0,current dollars,20642.0,CENSUS_ACS5_BULK,1,ACS5-2024-B25077,2026-08-08T18:25:52Z,9c6a70636f2b0cde2060c0adb651dae448cbd868829ea55f30d80efb4dfacf68,published,"Owner-reported ACS value, not a transaction price."
affordability_ratios,H2,median_home_value,Median owner-occupied home value,06081,San Mateo,2024,2024-12-31,annual five-year estimate,1559600.0,current dollars,16159.0,CENSUS_ACS5_BULK,1,ACS5-2024-B25077,2026-08-08T18:25:52Z,9c6a70636f2b0cde2060c0adb651dae448cbd868829ea55f30d80efb4dfacf68,published,"Owner-reported ACS value, not a transaction price."
affordability_ratios,H2,median_home_value,Median owner-occupied home value,06085,Santa Clara,2024,2024-12-31,annual five-year estimate,1490600.0,current dollars,14163.0,CENSUS_ACS5_BULK,1,ACS5-2024-B25077,2026-08-08T18:25:52Z,9c6a70636f2b0cde2060c0adb651dae448cbd868829ea55f30d80efb4dfacf68,published,"Owner-reported ACS value, not a transaction price."
affordability_ratios,H2,median_home_value,Median owner-occupied home value,06095,Solano,2024,2024-12-31,annual five-year estimate,617700.0,current dollars,4898.0,CENSUS_ACS5_BULK,1,ACS5-2024-B25077,2026-08-08T18:25:52Z,9c6a70636f2b0cde2060c0adb651dae448cbd868829ea55f30d80efb4dfacf68,published,"Owner-reported ACS value, not a transaction price."
affordability_ratios,H2,median_home_value,Median owner-occupied home value,06097,Sonoma,2024,2024-12-31,annual five-year estimate,815500.0,current dollars,6412.0,CENSUS_ACS5_BULK,1,ACS5-2024-B25077,2026-08-08T18:25:52Z,9c6a70636f2b0cde2060c0adb651dae448cbd868829ea55f30d80efb4dfacf68,published,"Owner-reported ACS value, not a transaction price."
affordability_ratios,O3,median_household_income,Median household income,06001,Alameda,2024,2024-12-31,annual five-year estimate,129367.0,current dollars per year,1284.0,CENSUS_ACS5_BULK,1,ACS5-2024-B19013,2026-08-08T18:25:52Z,0c41911b4be0f5688a7d93595ca8ec0246600b217fd0ecc23821a846cc737ea1,published,
affordability_ratios,O3,median_household_income,Median household income,06013,Contra Costa,2024,2024-12-31,annual five-year estimate,127229.0,current dollars per year,1713.0,CENSUS_ACS5_BULK,1,ACS5-2024-B19013,2026-08-08T18:25:52Z,0c41911b4be0f5688a7d93595ca8ec0246600b217fd0ecc23821a846cc737ea1,published,
affordability_ratios,O3,median_household_income,Median household income,06041,Marin,2024,2024-12-31,annual five-year estimate,149091.0,current dollars per year,4474.0,CENSUS_ACS5_BULK,1,ACS5-2024-B19013,2026-08-08T18:25:52Z,0c41911b4be0f5688a7d93595ca8ec0246600b217fd0ecc23821a846cc737ea1,published,
affordability_ratios,O3,median_household_income,Median household income,06055,Napa,2024,2024-12-31,annual five-year estimate,111471.0,current dollars per year,4025.0,CENSUS_ACS5_BULK,1,ACS5-2024-B19013,2026-08-08T18:25:52Z,0c41911b4be0f5688a7d93595ca8ec0246600b217fd0ecc23821a846cc737ea1,published,
affordability_ratios,O3,median_household_income,Median household income,06075,San Francisco,2024,2024-12-31,annual five-year estimate,140970.0,current dollars per year,2593.0,CENSUS_ACS5_BULK,1,ACS5-2024-B19013,2026-08-08T18:25:52Z,0c41911b4be0f5688a7d93595ca8ec0246600b217fd0ecc23821a846cc737ea1,published,
affordability_ratios,O3,median_household_income,Median household income,06081,San Mateo,2024,2024-12-31,annual five-year estimate,158855.0,current dollars per year,2851.0,CENSUS_ACS5_BULK,1,ACS5-2024-B19013,2026-08-08T18:25:52Z,0c41911b4be0f5688a7d93595ca8ec0246600b217fd0ecc23821a846cc737ea1,published,
affordability_ratios,O3,median_household_income,Median household income,06085,Santa Clara,2024,2024-12-31,annual five-year estimate,164281.0,current dollars per year,1955.0,CENSUS_ACS5_BULK,1,ACS5-2024-B19013,2026-08-08T18:25:52Z,0c41911b4be0f5688a7d93595ca8ec0246600b217fd0ecc23821a846cc737ea1,published,
affordability_ratios,O3,median_household_income,Median household income,06095,Solano,2024,2024-12-31,annual five-year estimate,100401.0,current dollars per year,2108.0,CENSUS_ACS5_BULK,1,ACS5-2024-B19013,2026-08-08T18:25:52Z,0c41911b4be0f5688a7d93595ca8ec0246600b217fd0ecc23821a846cc737ea1,published,
affordability_ratios,O3,median_household_income,Median household income,06097,Sonoma,2024,2024-12-31,annual five-year estimate,104674.0,current dollars per year,2030.0,CENSUS_ACS5_BULK,1,ACS5-2024-B19013,2026-08-08T18:25:52Z,0c41911b4be0f5688a7d93595ca8ec0246600b217fd0ecc23821a846cc737ea1,published,
home_sales,H2,median_sale_price,"Median sale price, not seasonally adjusted",06001,Alameda,2026-06,2026-06-30,monthly,1126821.0,current dollars,,REDFIN_HMT,2,Redfin-HMT-updated-2026-07-03,2026-08-08T18:25:52Z,fdfb372967fa31f8e24b1dec842e5ef9e1400dc3b0d7dcfd07ad915a17fb508b,published,Redfin market data are subject to revision and reflect Redfin's documented market coverage; this is not a government statistic.
home_sales,H2,median_sale_price,"Median sale price, not seasonally adjusted",06013,Contra Costa,2026-06,2026-06-30,monthly,842623.0,current dollars,,REDFIN_HMT,2,Redfin-HMT-updated-2026-07-03,2026-08-08T18:25:52Z,fdfb372967fa31f8e24b1dec842e5ef9e1400dc3b0d7dcfd07ad915a17fb508b,published,Redfin market data are subject to revision and reflect Redfin's documented market coverage; this is not a government statistic.
home_sales,H2,median_sale_price,"Median sale price, not seasonally adjusted",06041,Marin,2026-06,2026-06-30,monthly,1622921.0,current dollars,,REDFIN_HMT,2,Redfin-HMT-updated-2026-07-03,2026-08-08T18:25:52Z,fdfb372967fa31f8e24b1dec842e5ef9e1400dc3b0d7dcfd07ad915a17fb508b,published,Redfin market data are subject to revision and reflect Redfin's documented market coverage; this is not a government statistic.
home_sales,H2,median_sale_price,"Median sale price, not seasonally adjusted",06055,Napa,2026-06,2026-06-30,monthly,907440.0,current dollars,,REDFIN_HMT,2,Redfin-HMT-updated-2026-07-03,2026-08-08T18:25:52Z,fdfb372967fa31f8e24b1dec842e5ef9e1400dc3b0d7dcfd07ad915a17fb508b,published,Redfin market data are subject to revision and reflect Redfin's documented market coverage; this is not a government statistic.
home_sales,H2,median_sale_price,"Median sale price, not seasonally adjusted",06075,San Francisco,2026-06,2026-06-30,monthly,1695217.0,current dollars,,REDFIN_HMT,2,Redfin-HMT-updated-2026-07-03,2026-08-08T18:25:52Z,fdfb372967fa31f8e24b1dec842e5ef9e1400dc3b0d7dcfd07ad915a17fb508b,published,Redfin market data are subject to revision and reflect Redfin's documented market coverage; this is not a government statistic.
home_sales,H2,median_sale_price,"Median sale price, not seasonally adjusted",06081,San Mateo,2026-06,2026-06-30,monthly,1794936.0,current dollars,,REDFIN_HMT,2,Redfin-HMT-updated-2026-07-03,2026-08-08T18:25:52Z,fdfb372967fa31f8e24b1dec842e5ef9e1400dc3b0d7dcfd07ad915a17fb508b,published,Redfin market data are subject to revision and reflect Redfin's documented market coverage; this is not a government statistic.
home_sales,H2,median_sale_price,"Median sale price, not seasonally adjusted",06085,Santa Clara,2026-06,2026-06-30,monthly,1645358.0,current dollars,,REDFIN_HMT,2,Redfin-HMT-updated-2026-07-03,2026-08-08T18:25:52Z,fdfb372967fa31f8e24b1dec842e5ef9e1400dc3b0d7dcfd07ad915a17fb508b,published,Redfin market data are subject to revision and reflect Redfin's documented market coverage; this is not a government statistic.
home_sales,H2,median_sale_price,"Median sale price, not seasonally adjusted",06095,Solano,2026-06,2026-06-30,monthly,583354.0,current dollars,,REDFIN_HMT,2,Redfin-HMT-updated-2026-07-03,2026-08-08T18:25:52Z,fdfb372967fa31f8e24b1dec842e5ef9e1400dc3b0d7dcfd07ad915a17fb508b,published,Redfin market data are subject to revision and reflect Redfin's documented market coverage; this is not a government statistic.
home_sales,H2,median_sale_price,"Median sale price, not seasonally adjusted",06097,Sonoma,2026-06,2026-06-30,monthly,841350.0,current dollars,,REDFIN_HMT,2,Redfin-HMT-updated-2026-07-03,2026-08-08T18:25:52Z,fdfb372967fa31f8e24b1dec842e5ef9e1400dc3b0d7dcfd07ad915a17fb508b,published,Redfin market data are subject to revision and reflect Redfin's documented market coverage; this is not a government statistic.
home_sales,H2,months_of_supply,Months of supply,06001,Alameda,2026-06,2026-06-30,monthly,2.0,months,,REDFIN_HMT,2,Redfin-HMT-updated-2026-07-03,2026-08-08T18:25:52Z,fdfb372967fa31f8e24b1dec842e5ef9e1400dc3b0d7dcfd07ad915a17fb508b,published,Redfin market data are subject to revision and reflect Redfin's documented market coverage; this is not a government statistic.
home_sales,H2,months_of_supply,Months of supply,06013,Contra Costa,2026-06,2026-06-30,monthly,2.3,months,,REDFIN_HMT,2,Redfin-HMT-updated-2026-07-03,2026-08-08T18:25:52Z,fdfb372967fa31f8e24b1dec842e5ef9e1400dc3b0d7dcfd07ad915a17fb508b,published,Redfin market data are subject to revision and reflect Redfin's documented market coverage; this is not a government statistic.
home_sales,H2,months_of_supply,Months of supply,06041,Marin,2026-06,2026-06-30,monthly,1.8,months,,REDFIN_HMT,2,Redfin-HMT-updated-2026-07-03,2026-08-08T18:25:52Z,fdfb372967fa31f8e24b1dec842e5ef9e1400dc3b0d7dcfd07ad915a17fb508b,published,Redfin market data are subject to revision and reflect Redfin's documented market coverage; this is not a government statistic.
home_sales,H2,months_of_supply,Months of supply,06055,Napa,2026-06,2026-06-30,monthly,5.7,months,,REDFIN_HMT,2,Redfin-HMT-updated-2026-07-03,2026-08-08T18:25:52Z,fdfb372967fa31f8e24b1dec842e5ef9e1400dc3b0d7dcfd07ad915a17fb508b,published,Redfin market data are subject to revision and reflect Redfin's documented market coverage; this is not a government statistic.
home_sales,H2,months_of_supply,Months of supply,06075,San Francisco,2026-06,2026-06-30,monthly,1.2,months,,REDFIN_HMT,2,Redfin-HMT-updated-2026-07-03,2026-08-08T18:25:52Z,fdfb372967fa31f8e24b1dec842e5ef9e1400dc3b0d7dcfd07ad915a17fb508b,published,Redfin market data are subject to revision and reflect Redfin's documented market coverage; this is not a government statistic.
home_sales,H2,months_of_supply,Months of supply,06081,San Mateo,2026-06,2026-06-30,monthly,1.3,months,,REDFIN_HMT,2,Redfin-HMT-updated-2026-07-03,2026-08-08T18:25:52Z,fdfb372967fa31f8e24b1dec842e5ef9e1400dc3b0d7dcfd07ad915a17fb508b,published,Redfin market data are subject to revision and reflect Redfin's documented market coverage; this is not a government statistic.
home_sales,H2,months_of_supply,Months of supply,06085,Santa Clara,2026-06,2026-06-30,monthly,1.7,months,,REDFIN_HMT,2,Redfin-HMT-updated-2026-07-03,2026-08-08T18:25:52Z,fdfb372967fa31f8e24b1dec842e5ef9e1400dc3b0d7dcfd07ad915a17fb508b,published,Redfin market data are subject to revision and reflect Redfin's documented market coverage; this is not a government statistic.
home_sales,H2,months_of_supply,Months of supply,06095,Solano,2026-06,2026-06-30,monthly,2.9,months,,REDFIN_HMT,2,Redfin-HMT-updated-2026-07-03,2026-08-08T18:25:52Z,fdfb372967fa31f8e24b1dec842e5ef9e1400dc3b0d7dcfd07ad915a17fb508b,published,Redfin market data are subject to revision and reflect Redfin's documented market coverage; this is not a government statistic.
home_sales,H2,months_of_supply,Months of supply,06097,Sonoma,2026-06,2026-06-30,monthly,3.2,months,,REDFIN_HMT,2,Redfin-HMT-updated-2026-07-03,2026-08-08T18:25:52Z,fdfb372967fa31f8e24b1dec842e5ef9e1400dc3b0d7dcfd07ad915a17fb508b,published,Redfin market data are subject to revision and reflect Redfin's documented market coverage; this is not a government statistic.
cost_burden,H1,owner_cost_burden_30_plus_pct,Owners spending at least 30% of income on housing,06001,Alameda,2024,2024-12-31,annual five-year estimate,28.578234828234827,percent,,CENSUS_ACS5_BULK,1,ACS5-2024-B25091,2026-08-08T18:25:52Z,cee9ccdd71c20dc40843cd458c1f5fe3bb89f3010a2e90992964ad97fc3a3718,B25091 mortgage and nonmortgage 30%+ categories divided by computed cases,Derived point estimate; no derived margin of error is asserted.
cost_burden,H1,owner_cost_burden_30_plus_pct,Owners spending at least 30% of income on housing,06013,Contra Costa,2024,2024-12-31,annual five-year estimate,30.86498176393756,percent,,CENSUS_ACS5_BULK,1,ACS5-2024-B25091,2026-08-08T18:25:52Z,cee9ccdd71c20dc40843cd458c1f5fe3bb89f3010a2e90992964ad97fc3a3718,B25091 mortgage and nonmortgage 30%+ categories divided by computed cases,Derived point estimate; no derived margin of error is asserted.
cost_burden,H1,owner_cost_burden_30_plus_pct,Owners spending at least 30% of income on housing,06041,Marin,2024,2024-12-31,annual five-year estimate,32.467159463667564,percent,,CENSUS_ACS5_BULK,1,ACS5-2024-B25091,2026-08-08T18:25:52Z,cee9ccdd71c20dc40843cd458c1f5fe3bb89f3010a2e90992964ad97fc3a3718,B25091 mortgage and nonmortgage 30%+ categories divided by computed cases,Derived point estimate; no derived margin of error is asserted.
cost_burden,H1,owner_cost_burden_30_plus_pct,Owners spending at least 30% of income on housing,06055,Napa,2024,2024-12-31,annual five-year estimate,31.968604837417907,percent,,CENSUS_ACS5_BULK,1,ACS5-2024-B25091,2026-08-08T18:25:52Z,cee9ccdd71c20dc40843cd458c1f5fe3bb89f3010a2e90992964ad97fc3a3718,B25091 mortgage and nonmortgage 30%+ categories divided by computed cases,Derived point estimate; no derived margin of error is asserted.
cost_burden,H1,owner_cost_burden_30_plus_pct,Owners spending at least 30% of income on housing,06075,San Francisco,2024,2024-12-31,annual five-year estimate,29.355477103525267,percent,,CENSUS_ACS5_BULK,1,ACS5-2024-B25091,2026-08-08T18:25:52Z,cee9ccdd71c20dc40843cd458c1f5fe3bb89f3010a2e90992964ad97fc3a3718,B25091 mortgage and nonmortgage 30%+ categories divided by computed cases,Derived point estimate; no derived margin of error is asserted.
cost_burden,H1,owner_cost_burden_30_plus_pct,Owners spending at least 30% of income on housing,06081,San Mateo,2024,2024-12-31,annual five-year estimate,28.480525746176216,percent,,CENSUS_ACS5_BULK,1,ACS5-2024-B25091,2026-08-08T18:25:52Z,cee9ccdd71c20dc40843cd458c1f5fe3bb89f3010a2e90992964ad97fc3a3718,B25091 mortgage and nonmortgage 30%+ categories divided by computed cases,Derived point estimate; no derived margin of error is asserted.
cost_burden,H1,owner_cost_burden_30_plus_pct,Owners spending at least 30% of income on housing,06085,Santa Clara,2024,2024-12-31,annual five-year estimate,27.195615836874538,percent,,CENSUS_ACS5_BULK,1,ACS5-2024-B25091,2026-08-08T18:25:52Z,cee9ccdd71c20dc40843cd458c1f5fe3bb89f3010a2e90992964ad97fc3a3718,B25091 mortgage and nonmortgage 30%+ categories divided by computed cases,Derived point estimate; no derived margin of error is asserted.
cost_burden,H1,owner_cost_burden_30_plus_pct,Owners spending at least 30% of income on housing,06095,Solano,2024,2024-12-31,annual five-year estimate,31.375861121569503,percent,,CENSUS_ACS5_BULK,1,ACS5-2024-B25091,2026-08-08T18:25:52Z,cee9ccdd71c20dc40843cd458c1f5fe3bb89f3010a2e90992964ad97fc3a3718,B25091 mortgage and nonmortgage 30%+ categories divided by computed cases,Derived point estimate; no derived margin of error is asserted.
cost_burden,H1,owner_cost_burden_30_plus_pct,Owners spending at least 30% of income on housing,06097,Sonoma,2024,2024-12-31,annual five-year estimate,31.910505803823202,percent,,CENSUS_ACS5_BULK,1,ACS5-2024-B25091,2026-08-08T18:25:52Z,cee9ccdd71c20dc40843cd458c1f5fe3bb89f3010a2e90992964ad97fc3a3718,B25091 mortgage and nonmortgage 30%+ categories divided by computed cases,Derived point estimate; no derived margin of error is asserted.
cost_burden,H1,owner_severe_cost_burden_50_plus_pct,Owners spending at least 50% of income on housing,06001,Alameda,2024,2024-12-31,annual five-year estimate,12.583221958221957,percent,,CENSUS_ACS5_BULK,1,ACS5-2024-B25091,2026-08-08T18:25:52Z,cee9ccdd71c20dc40843cd458c1f5fe3bb89f3010a2e90992964ad97fc3a3718,B25091 mortgage and nonmortgage 50%+ categories divided by computed cases,Derived point estimate; no derived margin of error is asserted.
cost_burden,H1,owner_severe_cost_burden_50_plus_pct,Owners spending at least 50% of income on housing,06013,Contra Costa,2024,2024-12-31,annual five-year estimate,13.666340725302803,percent,,CENSUS_ACS5_BULK,1,ACS5-2024-B25091,2026-08-08T18:25:52Z,cee9ccdd71c20dc40843cd458c1f5fe3bb89f3010a2e90992964ad97fc3a3718,B25091 mortgage and nonmortgage 50%+ categories divided by computed cases,Derived point estimate; no derived margin of error is asserted.
cost_burden,H1,owner_severe_cost_burden_50_plus_pct,Owners spending at least 50% of income on housing,06041,Marin,2024,2024-12-31,annual five-year estimate,15.232869257630039,percent,,CENSUS_ACS5_BULK,1,ACS5-2024-B25091,2026-08-08T18:25:52Z,cee9ccdd71c20dc40843cd458c1f5fe3bb89f3010a2e90992964ad97fc3a3718,B25091 mortgage and nonmortgage 50%+ categories divided by computed cases,Derived point estimate; no derived margin of error is asserted.
cost_burden,H1,owner_severe_cost_burden_50_plus_pct,Owners spending at least 50% of income on housing,06055,Napa,2024,2024-12-31,annual five-year estimate,14.528271664263976,percent,,CENSUS_ACS5_BULK,1,ACS5-2024-B25091,2026-08-08T18:25:52Z,cee9ccdd71c20dc40843cd458c1f5fe3bb89f3010a2e90992964ad97fc3a3718,B25091 mortgage and nonmortgage 50%+ categories divided by computed cases,Derived point estimate; no derived margin of error is asserted.
cost_burden,H1,owner_severe_cost_burden_50_plus_pct,Owners spending at least 50% of income on housing,06075,San Francisco,2024,2024-12-31,annual five-year estimate,14.914423655461881,percent,,CENSUS_ACS5_BULK,1,ACS5-2024-B25091,2026-08-08T18:25:52Z,cee9ccdd71c20dc40843cd458c1f5fe3bb89f3010a2e90992964ad97fc3a3718,B25091 mortgage and nonmortgage 50%+ categories divided by computed cases,Derived point estimate; no derived margin of error is asserted.
cost_burden,H1,owner_severe_cost_burden_50_plus_pct,Owners spending at least 50% of income on housing,06081,San Mateo,2024,2024-12-31,annual five-year estimate,14.167894537820604,percent,,CENSUS_ACS5_BULK,1,ACS5-2024-B25091,2026-08-08T18:25:52Z,cee9ccdd71c20dc40843cd458c1f5fe3bb89f3010a2e90992964ad97fc3a3718,B25091 mortgage and nonmortgage 50%+ categories divided by computed cases,Derived point estimate; no derived margin of error is asserted.
cost_burden,H1,owner_severe_cost_burden_50_plus_pct,Owners spending at least 50% of income on housing,06085,Santa Clara,2024,2024-12-31,annual five-year estimate,12.072526077399218,percent,,CENSUS_ACS5_BULK,1,ACS5-2024-B25091,2026-08-08T18:25:52Z,cee9ccdd71c20dc40843cd458c1f5fe3bb89f3010a2e90992964ad97fc3a3718,B25091 mortgage and nonmortgage 50%+ categories divided by computed cases,Derived point estimate; no derived margin of error is asserted.
cost_burden,H1,owner_severe_cost_burden_50_plus_pct,Owners spending at least 50% of income on housing,06095,Solano,2024,2024-12-31,annual five-year estimate,13.694504085557579,percent,,CENSUS_ACS5_BULK,1,ACS5-2024-B25091,2026-08-08T18:25:52Z,cee9ccdd71c20dc40843cd458c1f5fe3bb89f3010a2e90992964ad97fc3a3718,B25091 mortgage and nonmortgage 50%+ categories divided by computed cases,Derived point estimate; no derived margin of error is asserted.
cost_burden,H1,owner_severe_cost_burden_50_plus_pct,Owners spending at least 50% of income on housing,06097,Sonoma,2024,2024-12-31,annual five-year estimate,14.157288238314491,percent,,CENSUS_ACS5_BULK,1,ACS5-2024-B25091,2026-08-08T18:25:52Z,cee9ccdd71c20dc40843cd458c1f5fe3bb89f3010a2e90992964ad97fc3a3718,B25091 mortgage and nonmortgage 50%+ categories divided by computed cases,Derived point estimate; no derived margin of error is asserted.
housing_permits,H3,permitted_units_five_plus,Permitted units in structures with five or more units,06001,Alameda,2025,2025-12-31,annual final,1604.0,housing units,,CENSUS_BPS,1,BPS-annual-final-2025,2026-08-08T18:25:52Z,5d523b1ff172c886ee7f2bc770c82c8c5470b5aaaec5f63441a18c621c80b30e,published,New privately owned residential units authorized by building permits.
housing_permits,H3,permitted_units_five_plus,Permitted units in structures with five or more units,06013,Contra Costa,2025,2025-12-31,annual final,178.0,housing units,,CENSUS_BPS,1,BPS-annual-final-2025,2026-08-08T18:25:52Z,5d523b1ff172c886ee7f2bc770c82c8c5470b5aaaec5f63441a18c621c80b30e,published,New privately owned residential units authorized by building permits.
housing_permits,H3,permitted_units_five_plus,Permitted units in structures with five or more units,06041,Marin,2025,2025-12-31,annual final,0.0,housing units,,CENSUS_BPS,1,BPS-annual-final-2025,2026-08-08T18:25:52Z,5d523b1ff172c886ee7f2bc770c82c8c5470b5aaaec5f63441a18c621c80b30e,published,New privately owned residential units authorized by building permits.
housing_permits,H3,permitted_units_five_plus,Permitted units in structures with five or more units,06055,Napa,2025,2025-12-31,annual final,92.0,housing units,,CENSUS_BPS,1,BPS-annual-final-2025,2026-08-08T18:25:52Z,5d523b1ff172c886ee7f2bc770c82c8c5470b5aaaec5f63441a18c621c80b30e,published,New privately owned residential units authorized by building permits.
housing_permits,H3,permitted_units_five_plus,Permitted units in structures with five or more units,06075,San Francisco,2025,2025-12-31,annual final,1394.0,housing units,,CENSUS_BPS,1,BPS-annual-final-2025,2026-08-08T18:25:52Z,5d523b1ff172c886ee7f2bc770c82c8c5470b5aaaec5f63441a18c621c80b30e,published,New privately owned residential units authorized by building permits.
housing_permits,H3,permitted_units_five_plus,Permitted units in structures with five or more units,06081,San Mateo,2025,2025-12-31,annual final,1708.0,housing units,,CENSUS_BPS,1,BPS-annual-final-2025,2026-08-08T18:25:52Z,5d523b1ff172c886ee7f2bc770c82c8c5470b5aaaec5f63441a18c621c80b30e,published,New privately owned residential units authorized by building permits.
housing_permits,H3,permitted_units_five_plus,Permitted units in structures with five or more units,06085,Santa Clara,2025,2025-12-31,annual final,3483.0,housing units,,CENSUS_BPS,1,BPS-annual-final-2025,2026-08-08T18:25:52Z,5d523b1ff172c886ee7f2bc770c82c8c5470b5aaaec5f63441a18c621c80b30e,published,New privately owned residential units authorized by building permits.
housing_permits,H3,permitted_units_five_plus,Permitted units in structures with five or more units,06095,Solano,2025,2025-12-31,annual final,120.0,housing units,,CENSUS_BPS,1,BPS-annual-final-2025,2026-08-08T18:25:52Z,5d523b1ff172c886ee7f2bc770c82c8c5470b5aaaec5f63441a18c621c80b30e,published,New privately owned residential units authorized by building permits.
housing_permits,H3,permitted_units_five_plus,Permitted units in structures with five or more units,06097,Sonoma,2025,2025-12-31,annual final,892.0,housing units,,CENSUS_BPS,1,BPS-annual-final-2025,2026-08-08T18:25:52Z,5d523b1ff172c886ee7f2bc770c82c8c5470b5aaaec5f63441a18c621c80b30e,published,New privately owned residential units authorized by building permits.
housing_permits,H3,permitted_units_single_family,Permitted units in single-family structures,06001,Alameda,2025,2025-12-31,annual final,1117.0,housing units,,CENSUS_BPS,1,BPS-annual-final-2025,2026-08-08T18:25:52Z,5d523b1ff172c886ee7f2bc770c82c8c5470b5aaaec5f63441a18c621c80b30e,published,New privately owned residential units authorized by building permits.
housing_permits,H3,permitted_units_single_family,Permitted units in single-family structures,06013,Contra Costa,2025,2025-12-31,annual final,970.0,housing units,,CENSUS_BPS,1,BPS-annual-final-2025,2026-08-08T18:25:52Z,5d523b1ff172c886ee7f2bc770c82c8c5470b5aaaec5f63441a18c621c80b30e,published,New privately owned residential units authorized by building permits.
housing_permits,H3,permitted_units_single_family,Permitted units in single-family structures,06041,Marin,2025,2025-12-31,annual final,149.0,housing units,,CENSUS_BPS,1,BPS-annual-final-2025,2026-08-08T18:25:52Z,5d523b1ff172c886ee7f2bc770c82c8c5470b5aaaec5f63441a18c621c80b30e,published,New privately owned residential units authorized by building permits.
housing_permits,H3,permitted_units_single_family,Permitted units in single-family structures,06055,Napa,2025,2025-12-31,annual final,258.0,housing units,,CENSUS_BPS,1,BPS-annual-final-2025,2026-08-08T18:25:52Z,5d523b1ff172c886ee7f2bc770c82c8c5470b5aaaec5f63441a18c621c80b30e,published,New privately owned residential units authorized by building permits.
housing_permits,H3,permitted_units_single_family,Permitted units in single-family structures,06075,San Francisco,2025,2025-12-31,annual final,20.0,housing units,,CENSUS_BPS,1,BPS-annual-final-2025,2026-08-08T18:25:52Z,5d523b1ff172c886ee7f2bc770c82c8c5470b5aaaec5f63441a18c621c80b30e,published,New privately owned residential units authorized by building permits.
housing_permits,H3,permitted_units_single_family,Permitted units in single-family structures,06081,San Mateo,2025,2025-12-31,annual final,457.0,housing units,,CENSUS_BPS,1,BPS-annual-final-2025,2026-08-08T18:25:52Z,5d523b1ff172c886ee7f2bc770c82c8c5470b5aaaec5f63441a18c621c80b30e,published,New privately owned residential units authorized by building permits.
housing_permits,H3,permitted_units_single_family,Permitted units in single-family structures,06085,Santa Clara,2025,2025-12-31,annual final,1795.0,housing units,,CENSUS_BPS,1,BPS-annual-final-2025,2026-08-08T18:25:52Z,5d523b1ff172c886ee7f2bc770c82c8c5470b5aaaec5f63441a18c621c80b30e,published,New privately owned residential units authorized by building permits.
housing_permits,H3,permitted_units_single_family,Permitted units in single-family structures,06095,Solano,2025,2025-12-31,annual final,750.0,housing units,,CENSUS_BPS,1,BPS-annual-final-2025,2026-08-08T18:25:52Z,5d523b1ff172c886ee7f2bc770c82c8c5470b5aaaec5f63441a18c621c80b30e,published,New privately owned residential units authorized by building permits.
housing_permits,H3,permitted_units_single_family,Permitted units in single-family structures,06097,Sonoma,2025,2025-12-31,annual final,790.0,housing units,,CENSUS_BPS,1,BPS-annual-final-2025,2026-08-08T18:25:52Z,5d523b1ff172c886ee7f2bc770c82c8c5470b5aaaec5f63441a18c621c80b30e,published,New privately owned residential units authorized by building permits.
housing_permits,H3,permitted_units_three_four_unit,Permitted units in three- and four-unit structures,06001,Alameda,2025,2025-12-31,annual final,17.0,housing units,,CENSUS_BPS,1,BPS-annual-final-2025,2026-08-08T18:25:52Z,5d523b1ff172c886ee7f2bc770c82c8c5470b5aaaec5f63441a18c621c80b30e,published,New privately owned residential units authorized by building permits.
housing_permits,H3,permitted_units_three_four_unit,Permitted units in three- and four-unit structures,06013,Contra Costa,2025,2025-12-31,annual final,9.0,housing units,,CENSUS_BPS,1,BPS-annual-final-2025,2026-08-08T18:25:52Z,5d523b1ff172c886ee7f2bc770c82c8c5470b5aaaec5f63441a18c621c80b30e,published,New privately owned residential units authorized by building permits.
housing_permits,H3,permitted_units_three_four_unit,Permitted units in three- and four-unit structures,06041,Marin,2025,2025-12-31,annual final,0.0,housing units,,CENSUS_BPS,1,BPS-annual-final-2025,2026-08-08T18:25:52Z,5d523b1ff172c886ee7f2bc770c82c8c5470b5aaaec5f63441a18c621c80b30e,published,New privately owned residential units authorized by building permits.
housing_permits,H3,permitted_units_three_four_unit,Permitted units in three- and four-unit structures,06055,Napa,2025,2025-12-31,annual final,4.0,housing units,,CENSUS_BPS,1,BPS-annual-final-2025,2026-08-08T18:25:52Z,5d523b1ff172c886ee7f2bc770c82c8c5470b5aaaec5f63441a18c621c80b30e,published,New privately owned residential units authorized by building permits.
housing_permits,H3,permitted_units_three_four_unit,Permitted units in three- and four-unit structures,06075,San Francisco,2025,2025-12-31,annual final,16.0,housing units,,CENSUS_BPS,1,BPS-annual-final-2025,2026-08-08T18:25:52Z,5d523b1ff172c886ee7f2bc770c82c8c5470b5aaaec5f63441a18c621c80b30e,published,New privately owned residential units authorized by building permits.
housing_permits,H3,permitted_units_three_four_unit,Permitted units in three- and four-unit structures,06081,San Mateo,2025,2025-12-31,annual final,3.0,housing units,,CENSUS_BPS,1,BPS-annual-final-2025,2026-08-08T18:25:52Z,5d523b1ff172c886ee7f2bc770c82c8c5470b5aaaec5f63441a18c621c80b30e,published,New privately owned residential units authorized by building permits.
housing_permits,H3,permitted_units_three_four_unit,Permitted units in three- and four-unit structures,06085,Santa Clara,2025,2025-12-31,annual final,19.0,housing units,,CENSUS_BPS,1,BPS-annual-final-2025,2026-08-08T18:25:52Z,5d523b1ff172c886ee7f2bc770c82c8c5470b5aaaec5f63441a18c621c80b30e,published,New privately owned residential units authorized by building permits.
housing_permits,H3,permitted_units_three_four_unit,Permitted units in three- and four-unit structures,06095,Solano,2025,2025-12-31,annual final,3.0,housing units,,CENSUS_BPS,1,BPS-annual-final-2025,2026-08-08T18:25:52Z,5d523b1ff172c886ee7f2bc770c82c8c5470b5aaaec5f63441a18c621c80b30e,published,New privately owned residential units authorized by building permits.
housing_permits,H3,permitted_units_three_four_unit,Permitted units in three- and four-unit structures,06097,Sonoma,2025,2025-12-31,annual final,8.0,housing units,,CENSUS_BPS,1,BPS-annual-final-2025,2026-08-08T18:25:52Z,5d523b1ff172c886ee7f2bc770c82c8c5470b5aaaec5f63441a18c621c80b30e,published,New privately owned residential units authorized by building permits.
housing_permits,H3,permitted_units_total,Permitted housing units,06001,Alameda,2025,2025-12-31,annual final,2778.0,housing units,,CENSUS_BPS,1,BPS-annual-final-2025,2026-08-08T18:25:52Z,5d523b1ff172c886ee7f2bc770c82c8c5470b5aaaec5f63441a18c621c80b30e,published,New privately owned residential units authorized by building permits.
housing_permits,H3,permitted_units_total,Permitted housing units,06013,Contra Costa,2025,2025-12-31,annual final,1163.0,housing units,,CENSUS_BPS,1,BPS-annual-final-2025,2026-08-08T18:25:52Z,5d523b1ff172c886ee7f2bc770c82c8c5470b5aaaec5f63441a18c621c80b30e,published,New privately owned residential units authorized by building permits.
housing_permits,H3,permitted_units_total,Permitted housing units,06041,Marin,2025,2025-12-31,annual final,149.0,housing units,,CENSUS_BPS,1,BPS-annual-final-2025,2026-08-08T18:25:52Z,5d523b1ff172c886ee7f2bc770c82c8c5470b5aaaec5f63441a18c621c80b30e,published,New privately owned residential units authorized by building permits.
housing_permits,H3,permitted_units_total,Permitted housing units,06055,Napa,2025,2025-12-31,annual final,364.0,housing units,,CENSUS_BPS,1,BPS-annual-final-2025,2026-08-08T18:25:52Z,5d523b1ff172c886ee7f2bc770c82c8c5470b5aaaec5f63441a18c621c80b30e,published,New privately owned residential units authorized by building permits.
housing_permits,H3,permitted_units_total,Permitted housing units,06075,San Francisco,2025,2025-12-31,annual final,1444.0,housing units,,CENSUS_BPS,1,BPS-annual-final-2025,2026-08-08T18:25:52Z,5d523b1ff172c886ee7f2bc770c82c8c5470b5aaaec5f63441a18c621c80b30e,published,New privately owned residential units authorized by building permits.
housing_permits,H3,permitted_units_total,Permitted housing units,06081,San Mateo,2025,2025-12-31,annual final,2216.0,housing units,,CENSUS_BPS,1,BPS-annual-final-2025,2026-08-08T18:25:52Z,5d523b1ff172c886ee7f2bc770c82c8c5470b5aaaec5f63441a18c621c80b30e,published,New privately owned residential units authorized by building permits.
housing_permits,H3,permitted_units_total,Permitted housing units,06085,Santa Clara,2025,2025-12-31,annual final,5323.0,housing units,,CENSUS_BPS,1,BPS-annual-final-2025,2026-08-08T18:25:52Z,5d523b1ff172c886ee7f2bc770c82c8c5470b5aaaec5f63441a18c621c80b30e,published,New privately owned residential units authorized by building permits.
housing_permits,H3,permitted_units_total,Permitted housing units,06095,Solano,2025,2025-12-31,annual final,881.0,housing units,,CENSUS_BPS,1,BPS-annual-final-2025,2026-08-08T18:25:52Z,5d523b1ff172c886ee7f2bc770c82c8c5470b5aaaec5f63441a18c621c80b30e,published,New privately owned residential units authorized by building permits.
housing_permits,H3,permitted_units_total,Permitted housing units,06097,Sonoma,2025,2025-12-31,annual final,1690.0,housing units,,CENSUS_BPS,1,BPS-annual-final-2025,2026-08-08T18:25:52Z,5d523b1ff172c886ee7f2bc770c82c8c5470b5aaaec5f63441a18c621c80b30e,published,New privately owned residential units authorized by building permits.
housing_permits,H3,permitted_units_two_unit,Permitted units in two-unit structures,06001,Alameda,2025,2025-12-31,annual final,40.0,housing units,,CENSUS_BPS,1,BPS-annual-final-2025,2026-08-08T18:25:52Z,5d523b1ff172c886ee7f2bc770c82c8c5470b5aaaec5f63441a18c621c80b30e,published,New privately owned residential units authorized by building permits.
housing_permits,H3,permitted_units_two_unit,Permitted units in two-unit structures,06013,Contra Costa,2025,2025-12-31,annual final,6.0,housing units,,CENSUS_BPS,1,BPS-annual-final-2025,2026-08-08T18:25:52Z,5d523b1ff172c886ee7f2bc770c82c8c5470b5aaaec5f63441a18c621c80b30e,published,New privately owned residential units authorized by building permits.
housing_permits,H3,permitted_units_two_unit,Permitted units in two-unit structures,06041,Marin,2025,2025-12-31,annual final,0.0,housing units,,CENSUS_BPS,1,BPS-annual-final-2025,2026-08-08T18:25:52Z,5d523b1ff172c886ee7f2bc770c82c8c5470b5aaaec5f63441a18c621c80b30e,published,New privately owned residential units authorized by building permits.
housing_permits,H3,permitted_units_two_unit,Permitted units in two-unit structures,06055,Napa,2025,2025-12-31,annual final,10.0,housing units,,CENSUS_BPS,1,BPS-annual-final-2025,2026-08-08T18:25:52Z,5d523b1ff172c886ee7f2bc770c82c8c5470b5aaaec5f63441a18c621c80b30e,published,New privately owned residential units authorized by building permits.
housing_permits,H3,permitted_units_two_unit,Permitted units in two-unit structures,06075,San Francisco,2025,2025-12-31,annual final,14.0,housing units,,CENSUS_BPS,1,BPS-annual-final-2025,2026-08-08T18:25:52Z,5d523b1ff172c886ee7f2bc770c82c8c5470b5aaaec5f63441a18c621c80b30e,published,New privately owned residential units authorized by building permits.
housing_permits,H3,permitted_units_two_unit,Permitted units in two-unit structures,06081,San Mateo,2025,2025-12-31,annual final,48.0,housing units,,CENSUS_BPS,1,BPS-annual-final-2025,2026-08-08T18:25:52Z,5d523b1ff172c886ee7f2bc770c82c8c5470b5aaaec5f63441a18c621c80b30e,published,New privately owned residential units authorized by building permits.
housing_permits,H3,permitted_units_two_unit,Permitted units in two-unit structures,06085,Santa Clara,2025,2025-12-31,annual final,26.0,housing units,,CENSUS_BPS,1,BPS-annual-final-2025,2026-08-08T18:25:52Z,5d523b1ff172c886ee7f2bc770c82c8c5470b5aaaec5f63441a18c621c80b30e,published,New privately owned residential units authorized by building permits.
housing_permits,H3,permitted_units_two_unit,Permitted units in two-unit structures,06095,Solano,2025,2025-12-31,annual final,8.0,housing units,,CENSUS_BPS,1,BPS-annual-final-2025,2026-08-08T18:25:52Z,5d523b1ff172c886ee7f2bc770c82c8c5470b5aaaec5f63441a18c621c80b30e,published,New privately owned residential units authorized by building permits.
housing_permits,H3,permitted_units_two_unit,Permitted units in two-unit structures,06097,Sonoma,2025,2025-12-31,annual final,0.0,housing units,,CENSUS_BPS,1,BPS-annual-final-2025,2026-08-08T18:25:52Z,5d523b1ff172c886ee7f2bc770c82c8c5470b5aaaec5f63441a18c621c80b30e,published,New privately owned residential units authorized by building permits.
affordability_ratios,H2,rent_to_income_pct,Median gross rent to median household income,06001,Alameda,2024,2024-12-31,annual five-year estimate,21.863380924037816,percent,,CENSUS_ACS5_BULK,1,ACS5-2024-B25064+B19013,2026-08-08T18:25:52Z,384796052a0adfa340eff12634f39119e08dd8fda8dd28a01ee981fd497a5724,annualized median gross rent divided by median household income,Ratio of two medians; not the share of a typical household's actual income spent on rent.
affordability_ratios,H2,rent_to_income_pct,Median gross rent to median household income,06013,Contra Costa,2024,2024-12-31,annual five-year estimate,22.400553332966542,percent,,CENSUS_ACS5_BULK,1,ACS5-2024-B25064+B19013,2026-08-08T18:25:52Z,384796052a0adfa340eff12634f39119e08dd8fda8dd28a01ee981fd497a5724,annualized median gross rent divided by median household income,Ratio of two medians; not the share of a typical household's actual income spent on rent.
affordability_ratios,H2,rent_to_income_pct,Median gross rent to median household income,06041,Marin,2024,2024-12-31,annual five-year estimate,21.474133247479728,percent,,CENSUS_ACS5_BULK,1,ACS5-2024-B25064+B19013,2026-08-08T18:25:52Z,384796052a0adfa340eff12634f39119e08dd8fda8dd28a01ee981fd497a5724,annualized median gross rent divided by median household income,Ratio of two medians; not the share of a typical household's actual income spent on rent.
affordability_ratios,H2,rent_to_income_pct,Median gross rent to median household income,06055,Napa,2024,2024-12-31,annual five-year estimate,24.081599698576312,percent,,CENSUS_ACS5_BULK,1,ACS5-2024-B25064+B19013,2026-08-08T18:25:52Z,384796052a0adfa340eff12634f39119e08dd8fda8dd28a01ee981fd497a5724,annualized median gross rent divided by median household income,Ratio of two medians; not the share of a typical household's actual income spent on rent.
affordability_ratios,H2,rent_to_income_pct,Median gross rent to median household income,06075,San Francisco,2024,2024-12-31,annual five-year estimate,21.076824856352417,percent,,CENSUS_ACS5_BULK,1,ACS5-2024-B25064+B19013,2026-08-08T18:25:52Z,384796052a0adfa340eff12634f39119e08dd8fda8dd28a01ee981fd497a5724,annualized median gross rent divided by median household income,Ratio of two medians; not the share of a typical household's actual income spent on rent.
affordability_ratios,H2,rent_to_income_pct,Median gross rent to median household income,06081,San Mateo,2024,2024-12-31,annual five-year estimate,22.072959617261024,percent,,CENSUS_ACS5_BULK,1,ACS5-2024-B25064+B19013,2026-08-08T18:25:52Z,384796052a0adfa340eff12634f39119e08dd8fda8dd28a01ee981fd497a5724,annualized median gross rent divided by median household income,Ratio of two medians; not the share of a typical household's actual income spent on rent.
affordability_ratios,H2,rent_to_income_pct,Median gross rent to median household income,06085,Santa Clara,2024,2024-12-31,annual five-year estimate,20.869120592156122,percent,,CENSUS_ACS5_BULK,1,ACS5-2024-B25064+B19013,2026-08-08T18:25:52Z,384796052a0adfa340eff12634f39119e08dd8fda8dd28a01ee981fd497a5724,annualized median gross rent divided by median household income,Ratio of two medians; not the share of a typical household's actual income spent on rent.
affordability_ratios,H2,rent_to_income_pct,Median gross rent to median household income,06095,Solano,2024,2024-12-31,annual five-year estimate,25.852332148086177,percent,,CENSUS_ACS5_BULK,1,ACS5-2024-B25064+B19013,2026-08-08T18:25:52Z,384796052a0adfa340eff12634f39119e08dd8fda8dd28a01ee981fd497a5724,annualized median gross rent divided by median household income,Ratio of two medians; not the share of a typical household's actual income spent on rent.
affordability_ratios,H2,rent_to_income_pct,Median gross rent to median household income,06097,Sonoma,2024,2024-12-31,annual five-year estimate,24.739667921355828,percent,,CENSUS_ACS5_BULK,1,ACS5-2024-B25064+B19013,2026-08-08T18:25:52Z,384796052a0adfa340eff12634f39119e08dd8fda8dd28a01ee981fd497a5724,annualized median gross rent divided by median household income,Ratio of two medians; not the share of a typical household's actual income spent on rent.
cost_burden,H1,renter_cost_burden_30_plus_pct,Renters spending at least 30% of income on rent,06001,Alameda,2024,2024-12-31,annual five-year estimate,50.40199983897003,percent,,CENSUS_ACS5_BULK,1,ACS5-2024-B25070,2026-08-08T18:25:52Z,14218adb7b94e91209d00aad85f0283f53c607f70654d062764a4e3fe4e4cf4c,"B25070 categories 30–34.9%, 35–39.9%, 40–49.9%, and 50%+ divided by computed cases",Derived point estimate; no derived margin of error is asserted.
cost_burden,H1,renter_cost_burden_30_plus_pct,Renters spending at least 30% of income on rent,06013,Contra Costa,2024,2024-12-31,annual five-year estimate,56.13023934293665,percent,,CENSUS_ACS5_BULK,1,ACS5-2024-B25070,2026-08-08T18:25:52Z,14218adb7b94e91209d00aad85f0283f53c607f70654d062764a4e3fe4e4cf4c,"B25070 categories 30–34.9%, 35–39.9%, 40–49.9%, and 50%+ divided by computed cases",Derived point estimate; no derived margin of error is asserted.
cost_burden,H1,renter_cost_burden_30_plus_pct,Renters spending at least 30% of income on rent,06041,Marin,2024,2024-12-31,annual five-year estimate,55.567735979690745,percent,,CENSUS_ACS5_BULK,1,ACS5-2024-B25070,2026-08-08T18:25:52Z,14218adb7b94e91209d00aad85f0283f53c607f70654d062764a4e3fe4e4cf4c,"B25070 categories 30–34.9%, 35–39.9%, 40–49.9%, and 50%+ divided by computed cases",Derived point estimate; no derived margin of error is asserted.
cost_burden,H1,renter_cost_burden_30_plus_pct,Renters spending at least 30% of income on rent,06055,Napa,2024,2024-12-31,annual five-year estimate,54.84820500981185,percent,,CENSUS_ACS5_BULK,1,ACS5-2024-B25070,2026-08-08T18:25:52Z,14218adb7b94e91209d00aad85f0283f53c607f70654d062764a4e3fe4e4cf4c,"B25070 categories 30–34.9%, 35–39.9%, 40–49.9%, and 50%+ divided by computed cases",Derived point estimate; no derived margin of error is asserted.
cost_burden,H1,renter_cost_burden_30_plus_pct,Renters spending at least 30% of income on rent,06075,San Francisco,2024,2024-12-31,annual five-year estimate,39.61429656660561,percent,,CENSUS_ACS5_BULK,1,ACS5-2024-B25070,2026-08-08T18:25:52Z,14218adb7b94e91209d00aad85f0283f53c607f70654d062764a4e3fe4e4cf4c,"B25070 categories 30–34.9%, 35–39.9%, 40–49.9%, and 50%+ divided by computed cases",Derived point estimate; no derived margin of error is asserted.
cost_burden,H1,renter_cost_burden_30_plus_pct,Renters spending at least 30% of income on rent,06081,San Mateo,2024,2024-12-31,annual five-year estimate,48.40015200456014,percent,,CENSUS_ACS5_BULK,1,ACS5-2024-B25070,2026-08-08T18:25:52Z,14218adb7b94e91209d00aad85f0283f53c607f70654d062764a4e3fe4e4cf4c,"B25070 categories 30–34.9%, 35–39.9%, 40–49.9%, and 50%+ divided by computed cases",Derived point estimate; no derived margin of error is asserted.
cost_burden,H1,renter_cost_burden_30_plus_pct,Renters spending at least 30% of income on rent,06085,Santa Clara,2024,2024-12-31,annual five-year estimate,45.03393530183819,percent,,CENSUS_ACS5_BULK,1,ACS5-2024-B25070,2026-08-08T18:25:52Z,14218adb7b94e91209d00aad85f0283f53c607f70654d062764a4e3fe4e4cf4c,"B25070 categories 30–34.9%, 35–39.9%, 40–49.9%, and 50%+ divided by computed cases",Derived point estimate; no derived margin of error is asserted.
cost_burden,H1,renter_cost_burden_30_plus_pct,Renters spending at least 30% of income on rent,06095,Solano,2024,2024-12-31,annual five-year estimate,60.19184219083059,percent,,CENSUS_ACS5_BULK,1,ACS5-2024-B25070,2026-08-08T18:25:52Z,14218adb7b94e91209d00aad85f0283f53c607f70654d062764a4e3fe4e4cf4c,"B25070 categories 30–34.9%, 35–39.9%, 40–49.9%, and 50%+ divided by computed cases",Derived point estimate; no derived margin of error is asserted.
cost_burden,H1,renter_cost_burden_30_plus_pct,Renters spending at least 30% of income on rent,06097,Sonoma,2024,2024-12-31,annual five-year estimate,54.80410655652458,percent,,CENSUS_ACS5_BULK,1,ACS5-2024-B25070,2026-08-08T18:25:52Z,14218adb7b94e91209d00aad85f0283f53c607f70654d062764a4e3fe4e4cf4c,"B25070 categories 30–34.9%, 35–39.9%, 40–49.9%, and 50%+ divided by computed cases",Derived point estimate; no derived margin of error is asserted.
cost_burden,H1,renter_severe_cost_burden_50_plus_pct,Renters spending at least 50% of income on rent,06001,Alameda,2024,2024-12-31,annual five-year estimate,26.217597509403,percent,,CENSUS_ACS5_BULK,1,ACS5-2024-B25070,2026-08-08T18:25:52Z,14218adb7b94e91209d00aad85f0283f53c607f70654d062764a4e3fe4e4cf4c,B25070 50%+ category divided by computed cases,Derived point estimate; no derived margin of error is asserted.
cost_burden,H1,renter_severe_cost_burden_50_plus_pct,Renters spending at least 50% of income on rent,06013,Contra Costa,2024,2024-12-31,annual five-year estimate,28.12338964776394,percent,,CENSUS_ACS5_BULK,1,ACS5-2024-B25070,2026-08-08T18:25:52Z,14218adb7b94e91209d00aad85f0283f53c607f70654d062764a4e3fe4e4cf4c,B25070 50%+ category divided by computed cases,Derived point estimate; no derived margin of error is asserted.
cost_burden,H1,renter_severe_cost_burden_50_plus_pct,Renters spending at least 50% of income on rent,06041,Marin,2024,2024-12-31,annual five-year estimate,31.18220632356335,percent,,CENSUS_ACS5_BULK,1,ACS5-2024-B25070,2026-08-08T18:25:52Z,14218adb7b94e91209d00aad85f0283f53c607f70654d062764a4e3fe4e4cf4c,B25070 50%+ category divided by computed cases,Derived point estimate; no derived margin of error is asserted.
cost_burden,H1,renter_severe_cost_burden_50_plus_pct,Renters spending at least 50% of income on rent,06055,Napa,2024,2024-12-31,annual five-year estimate,26.630497518180768,percent,,CENSUS_ACS5_BULK,1,ACS5-2024-B25070,2026-08-08T18:25:52Z,14218adb7b94e91209d00aad85f0283f53c607f70654d062764a4e3fe4e4cf4c,B25070 50%+ category divided by computed cases,Derived point estimate; no derived margin of error is asserted.
cost_burden,H1,renter_severe_cost_burden_50_plus_pct,Renters spending at least 50% of income on rent,06075,San Francisco,2024,2024-12-31,annual five-year estimate,19.7707963405711,percent,,CENSUS_ACS5_BULK,1,ACS5-2024-B25070,2026-08-08T18:25:52Z,14218adb7b94e91209d00aad85f0283f53c607f70654d062764a4e3fe4e4cf4c,B25070 50%+ category divided by computed cases,Derived point estimate; no derived margin of error is asserted.
cost_burden,H1,renter_severe_cost_burden_50_plus_pct,Renters spending at least 50% of income on rent,06081,San Mateo,2024,2024-12-31,annual five-year estimate,24.94679840395212,percent,,CENSUS_ACS5_BULK,1,ACS5-2024-B25070,2026-08-08T18:25:52Z,14218adb7b94e91209d00aad85f0283f53c607f70654d062764a4e3fe4e4cf4c,B25070 50%+ category divided by computed cases,Derived point estimate; no derived margin of error is asserted.
cost_burden,H1,renter_severe_cost_burden_50_plus_pct,Renters spending at least 50% of income on rent,06085,Santa Clara,2024,2024-12-31,annual five-year estimate,21.00339002084547,percent,,CENSUS_ACS5_BULK,1,ACS5-2024-B25070,2026-08-08T18:25:52Z,14218adb7b94e91209d00aad85f0283f53c607f70654d062764a4e3fe4e4cf4c,B25070 50%+ category divided by computed cases,Derived point estimate; no derived margin of error is asserted.
cost_burden,H1,renter_severe_cost_burden_50_plus_pct,Renters spending at least 50% of income on rent,06095,Solano,2024,2024-12-31,annual five-year estimate,30.942230571913726,percent,,CENSUS_ACS5_BULK,1,ACS5-2024-B25070,2026-08-08T18:25:52Z,14218adb7b94e91209d00aad85f0283f53c607f70654d062764a4e3fe4e4cf4c,B25070 50%+ category divided by computed cases,Derived point estimate; no derived margin of error is asserted.
cost_burden,H1,renter_severe_cost_burden_50_plus_pct,Renters spending at least 50% of income on rent,06097,Sonoma,2024,2024-12-31,annual five-year estimate,26.300384803957982,percent,,CENSUS_ACS5_BULK,1,ACS5-2024-B25070,2026-08-08T18:25:52Z,14218adb7b94e91209d00aad85f0283f53c607f70654d062764a4e3fe4e4cf4c,B25070 50%+ category divided by computed cases,Derived point estimate; no derived margin of error is asserted.
production_targets,H3,rhna_permitted_cycle_to_date,Permitted units reported for 2023–2025,06001,Alameda,2023-2025,2025-12-31,cycle-to-date,14705.0,housing units,,CA_HCD_APR,1,HCD-APR-through-2025,2026-08-08T18:25:52Z,dc0c6c52468ffe95159a7ac7e2d85569f2e28640451e90455cc13b3d4cf73da6,sum of 2023–2025 jurisdiction-reported permits within county,Targets and progress use separate HCD datasets; county values sum constituent jurisdictions.
production_targets,H3,rhna_permitted_cycle_to_date,Permitted units reported for 2023–2025,06013,Contra Costa,2023-2025,2025-12-31,cycle-to-date,8338.0,housing units,,CA_HCD_APR,1,HCD-APR-through-2025,2026-08-08T18:25:52Z,dc0c6c52468ffe95159a7ac7e2d85569f2e28640451e90455cc13b3d4cf73da6,sum of 2023–2025 jurisdiction-reported permits within county,Targets and progress use separate HCD datasets; county values sum constituent jurisdictions.
production_targets,H3,rhna_permitted_cycle_to_date,Permitted units reported for 2023–2025,06041,Marin,2023-2025,2025-12-31,cycle-to-date,1448.0,housing units,,CA_HCD_APR,1,HCD-APR-through-2025,2026-08-08T18:25:52Z,dc0c6c52468ffe95159a7ac7e2d85569f2e28640451e90455cc13b3d4cf73da6,sum of 2023–2025 jurisdiction-reported permits within county,Targets and progress use separate HCD datasets; county values sum constituent jurisdictions.
production_targets,H3,rhna_permitted_cycle_to_date,Permitted units reported for 2023–2025,06055,Napa,2023-2025,2025-12-31,cycle-to-date,1541.0,housing units,,CA_HCD_APR,1,HCD-APR-through-2025,2026-08-08T18:25:52Z,dc0c6c52468ffe95159a7ac7e2d85569f2e28640451e90455cc13b3d4cf73da6,sum of 2023–2025 jurisdiction-reported permits within county,Targets and progress use separate HCD datasets; county values sum constituent jurisdictions.
production_targets,H3,rhna_permitted_cycle_to_date,Permitted units reported for 2023–2025,06075,San Francisco,2023-2025,2025-12-31,cycle-to-date,6086.0,housing units,,CA_HCD_APR,1,HCD-APR-through-2025,2026-08-08T18:25:52Z,dc0c6c52468ffe95159a7ac7e2d85569f2e28640451e90455cc13b3d4cf73da6,sum of 2023–2025 jurisdiction-reported permits within county,Targets and progress use separate HCD datasets; county values sum constituent jurisdictions.
production_targets,H3,rhna_permitted_cycle_to_date,Permitted units reported for 2023–2025,06081,San Mateo,2023-2025,2025-12-31,cycle-to-date,9556.0,housing units,,CA_HCD_APR,1,HCD-APR-through-2025,2026-08-08T18:25:52Z,dc0c6c52468ffe95159a7ac7e2d85569f2e28640451e90455cc13b3d4cf73da6,sum of 2023–2025 jurisdiction-reported permits within county,Targets and progress use separate HCD datasets; county values sum constituent jurisdictions.
production_targets,H3,rhna_permitted_cycle_to_date,Permitted units reported for 2023–2025,06085,Santa Clara,2023-2025,2025-12-31,cycle-to-date,20489.0,housing units,,CA_HCD_APR,1,HCD-APR-through-2025,2026-08-08T18:25:52Z,dc0c6c52468ffe95159a7ac7e2d85569f2e28640451e90455cc13b3d4cf73da6,sum of 2023–2025 jurisdiction-reported permits within county,Targets and progress use separate HCD datasets; county values sum constituent jurisdictions.
production_targets,H3,rhna_permitted_cycle_to_date,Permitted units reported for 2023–2025,06095,Solano,2023-2025,2025-12-31,cycle-to-date,4831.0,housing units,,CA_HCD_APR,1,HCD-APR-through-2025,2026-08-08T18:25:52Z,dc0c6c52468ffe95159a7ac7e2d85569f2e28640451e90455cc13b3d4cf73da6,sum of 2023–2025 jurisdiction-reported permits within county,Targets and progress use separate HCD datasets; county values sum constituent jurisdictions.
production_targets,H3,rhna_permitted_cycle_to_date,Permitted units reported for 2023–2025,06097,Sonoma,2023-2025,2025-12-31,cycle-to-date,7306.0,housing units,,CA_HCD_APR,1,HCD-APR-through-2025,2026-08-08T18:25:52Z,dc0c6c52468ffe95159a7ac7e2d85569f2e28640451e90455cc13b3d4cf73da6,sum of 2023–2025 jurisdiction-reported permits within county,Targets and progress use separate HCD datasets; county values sum constituent jurisdictions.
production_targets,H3,rhna_progress_pct,Progress toward sixth-cycle RHNA allocation,06001,Alameda,2023-2025,2025-12-31,cycle-to-date,16.523028866141555,percent,,CA_HCD_APR,1,HCD-APR-through-2025,2026-08-08T18:25:52Z,dc0c6c52468ffe95159a7ac7e2d85569f2e28640451e90455cc13b3d4cf73da6,2023–2025 reported permits divided by sixth-cycle RHNA allocation,Targets and progress use separate HCD datasets; county values sum constituent jurisdictions.
production_targets,H3,rhna_progress_pct,Progress toward sixth-cycle RHNA allocation,06013,Contra Costa,2023-2025,2025-12-31,cycle-to-date,17.001406928613665,percent,,CA_HCD_APR,1,HCD-APR-through-2025,2026-08-08T18:25:52Z,dc0c6c52468ffe95159a7ac7e2d85569f2e28640451e90455cc13b3d4cf73da6,2023–2025 reported permits divided by sixth-cycle RHNA allocation,Targets and progress use separate HCD datasets; county values sum constituent jurisdictions.
production_targets,H3,rhna_progress_pct,Progress toward sixth-cycle RHNA allocation,06041,Marin,2023-2025,2025-12-31,cycle-to-date,10.05206525511975,percent,,CA_HCD_APR,1,HCD-APR-through-2025,2026-08-08T18:25:52Z,dc0c6c52468ffe95159a7ac7e2d85569f2e28640451e90455cc13b3d4cf73da6,2023–2025 reported permits divided by sixth-cycle RHNA allocation,Targets and progress use separate HCD datasets; county values sum constituent jurisdictions.
production_targets,H3,rhna_progress_pct,Progress toward sixth-cycle RHNA allocation,06055,Napa,2023-2025,2025-12-31,cycle-to-date,40.08844953173777,percent,,CA_HCD_APR,1,HCD-APR-through-2025,2026-08-08T18:25:52Z,dc0c6c52468ffe95159a7ac7e2d85569f2e28640451e90455cc13b3d4cf73da6,2023–2025 reported permits divided by sixth-cycle RHNA allocation,Targets and progress use separate HCD datasets; county values sum constituent jurisdictions.
production_targets,H3,rhna_progress_pct,Progress toward sixth-cycle RHNA allocation,06075,San Francisco,2023-2025,2025-12-31,cycle-to-date,7.415711169869256,percent,,CA_HCD_APR,1,HCD-APR-through-2025,2026-08-08T18:25:52Z,dc0c6c52468ffe95159a7ac7e2d85569f2e28640451e90455cc13b3d4cf73da6,2023–2025 reported permits divided by sixth-cycle RHNA allocation,Targets and progress use separate HCD datasets; county values sum constituent jurisdictions.
production_targets,H3,rhna_progress_pct,Progress toward sixth-cycle RHNA allocation,06081,San Mateo,2023-2025,2025-12-31,cycle-to-date,20.03900434080567,percent,,CA_HCD_APR,1,HCD-APR-through-2025,2026-08-08T18:25:52Z,dc0c6c52468ffe95159a7ac7e2d85569f2e28640451e90455cc13b3d4cf73da6,2023–2025 reported permits divided by sixth-cycle RHNA allocation,Targets and progress use separate HCD datasets; county values sum constituent jurisdictions.
production_targets,H3,rhna_progress_pct,Progress toward sixth-cycle RHNA allocation,06085,Santa Clara,2023-2025,2025-12-31,cycle-to-date,15.812219761223057,percent,,CA_HCD_APR,1,HCD-APR-through-2025,2026-08-08T18:25:52Z,dc0c6c52468ffe95159a7ac7e2d85569f2e28640451e90455cc13b3d4cf73da6,2023–2025 reported permits divided by sixth-cycle RHNA allocation,Targets and progress use separate HCD datasets; county values sum constituent jurisdictions.
production_targets,H3,rhna_progress_pct,Progress toward sixth-cycle RHNA allocation,06095,Solano,2023-2025,2025-12-31,cycle-to-date,43.95014556040756,percent,,CA_HCD_APR,1,HCD-APR-through-2025,2026-08-08T18:25:52Z,dc0c6c52468ffe95159a7ac7e2d85569f2e28640451e90455cc13b3d4cf73da6,2023–2025 reported permits divided by sixth-cycle RHNA allocation,Targets and progress use separate HCD datasets; county values sum constituent jurisdictions.
production_targets,H3,rhna_progress_pct,Progress toward sixth-cycle RHNA allocation,06097,Sonoma,2023-2025,2025-12-31,cycle-to-date,50.17167971432496,percent,,CA_HCD_APR,1,HCD-APR-through-2025,2026-08-08T18:25:52Z,dc0c6c52468ffe95159a7ac7e2d85569f2e28640451e90455cc13b3d4cf73da6,2023–2025 reported permits divided by sixth-cycle RHNA allocation,Targets and progress use separate HCD datasets; county values sum constituent jurisdictions.
production_targets,H3,rhna_target_total,Sixth-cycle RHNA allocation,06001,Alameda,sixth cycle,2025-12-31,cycle-to-date,88997.0,housing units,,CA_HCD_RHNA,1,HCD-RHNA-sixth-cycle,2026-08-08T18:25:52Z,cb793563be4b5d4b33af4b54191222fe9fbc38ff846a49923d9f423bd1851fc9,sum of jurisdiction RHNA allocations within county,Targets and progress use separate HCD datasets; county values sum constituent jurisdictions.
production_targets,H3,rhna_target_total,Sixth-cycle RHNA allocation,06013,Contra Costa,sixth cycle,2025-12-31,cycle-to-date,49043.0,housing units,,CA_HCD_RHNA,1,HCD-RHNA-sixth-cycle,2026-08-08T18:25:52Z,cb793563be4b5d4b33af4b54191222fe9fbc38ff846a49923d9f423bd1851fc9,sum of jurisdiction RHNA allocations within county,Targets and progress use separate HCD datasets; county values sum constituent jurisdictions.
production_targets,H3,rhna_target_total,Sixth-cycle RHNA allocation,06041,Marin,sixth cycle,2025-12-31,cycle-to-date,14405.0,housing units,,CA_HCD_RHNA,1,HCD-RHNA-sixth-cycle,2026-08-08T18:25:52Z,cb793563be4b5d4b33af4b54191222fe9fbc38ff846a49923d9f423bd1851fc9,sum of jurisdiction RHNA allocations within county,Targets and progress use separate HCD datasets; county values sum constituent jurisdictions.
production_targets,H3,rhna_target_total,Sixth-cycle RHNA allocation,06055,Napa,sixth cycle,2025-12-31,cycle-to-date,3844.0,housing units,,CA_HCD_RHNA,1,HCD-RHNA-sixth-cycle,2026-08-08T18:25:52Z,cb793563be4b5d4b33af4b54191222fe9fbc38ff846a49923d9f423bd1851fc9,sum of jurisdiction RHNA allocations within county,Targets and progress use separate HCD datasets; county values sum constituent jurisdictions.
production_targets,H3,rhna_target_total,Sixth-cycle RHNA allocation,06075,San Francisco,sixth cycle,2025-12-31,cycle-to-date,82069.0,housing units,,CA_HCD_RHNA,1,HCD-RHNA-sixth-cycle,2026-08-08T18:25:52Z,cb793563be4b5d4b33af4b54191222fe9fbc38ff846a49923d9f423bd1851fc9,sum of jurisdiction RHNA allocations within county,Targets and progress use separate HCD datasets; county values sum constituent jurisdictions.
production_targets,H3,rhna_target_total,Sixth-cycle RHNA allocation,06081,San Mateo,sixth cycle,2025-12-31,cycle-to-date,47687.0,housing units,,CA_HCD_RHNA,1,HCD-RHNA-sixth-cycle,2026-08-08T18:25:52Z,cb793563be4b5d4b33af4b54191222fe9fbc38ff846a49923d9f423bd1851fc9,sum of jurisdiction RHNA allocations within county,Targets and progress use separate HCD datasets; county values sum constituent jurisdictions.
production_targets,H3,rhna_target_total,Sixth-cycle RHNA allocation,06085,Santa Clara,sixth cycle,2025-12-31,cycle-to-date,129577.0,housing units,,CA_HCD_RHNA,1,HCD-RHNA-sixth-cycle,2026-08-08T18:25:52Z,cb793563be4b5d4b33af4b54191222fe9fbc38ff846a49923d9f423bd1851fc9,sum of jurisdiction RHNA allocations within county,Targets and progress use separate HCD datasets; county values sum constituent jurisdictions.
production_targets,H3,rhna_target_total,Sixth-cycle RHNA allocation,06095,Solano,sixth cycle,2025-12-31,cycle-to-date,10992.0,housing units,,CA_HCD_RHNA,1,HCD-RHNA-sixth-cycle,2026-08-08T18:25:52Z,cb793563be4b5d4b33af4b54191222fe9fbc38ff846a49923d9f423bd1851fc9,sum of jurisdiction RHNA allocations within county,Targets and progress use separate HCD datasets; county values sum constituent jurisdictions.
production_targets,H3,rhna_target_total,Sixth-cycle RHNA allocation,06097,Sonoma,sixth cycle,2025-12-31,cycle-to-date,14562.0,housing units,,CA_HCD_RHNA,1,HCD-RHNA-sixth-cycle,2026-08-08T18:25:52Z,cb793563be4b5d4b33af4b54191222fe9fbc38ff846a49923d9f423bd1851fc9,sum of jurisdiction RHNA allocations within county,Targets and progress use separate HCD datasets; county values sum constituent jurisdictions.
vacancy,H4,vacant_housing_units,Vacant housing units,06001,Alameda,2024,2024-12-31,annual five-year estimate,38966.0,housing units,,CENSUS_ACS5_BULK,1,ACS5-2024-B25002,2026-08-08T18:25:52Z,f44fbe9531f25e9817fcf72c8cc22fff52af6f2494c57d4d9ef518a37a4c74f3,published,
vacancy,H4,vacant_housing_units,Vacant housing units,06013,Contra Costa,2024,2024-12-31,annual five-year estimate,14843.0,housing units,,CENSUS_ACS5_BULK,1,ACS5-2024-B25002,2026-08-08T18:25:52Z,f44fbe9531f25e9817fcf72c8cc22fff52af6f2494c57d4d9ef518a37a4c74f3,published,
vacancy,H4,vacant_housing_units,Vacant housing units,06041,Marin,2024,2024-12-31,annual five-year estimate,9098.0,housing units,,CENSUS_ACS5_BULK,1,ACS5-2024-B25002,2026-08-08T18:25:52Z,f44fbe9531f25e9817fcf72c8cc22fff52af6f2494c57d4d9ef518a37a4c74f3,published,
vacancy,H4,vacant_housing_units,Vacant housing units,06055,Napa,2024,2024-12-31,annual five-year estimate,6054.0,housing units,,CENSUS_ACS5_BULK,1,ACS5-2024-B25002,2026-08-08T18:25:52Z,f44fbe9531f25e9817fcf72c8cc22fff52af6f2494c57d4d9ef518a37a4c74f3,published,
vacancy,H4,vacant_housing_units,Vacant housing units,06075,San Francisco,2024,2024-12-31,annual five-year estimate,50632.0,housing units,,CENSUS_ACS5_BULK,1,ACS5-2024-B25002,2026-08-08T18:25:52Z,f44fbe9531f25e9817fcf72c8cc22fff52af6f2494c57d4d9ef518a37a4c74f3,published,
vacancy,H4,vacant_housing_units,Vacant housing units,06081,San Mateo,2024,2024-12-31,annual five-year estimate,22765.0,housing units,,CENSUS_ACS5_BULK,1,ACS5-2024-B25002,2026-08-08T18:25:52Z,f44fbe9531f25e9817fcf72c8cc22fff52af6f2494c57d4d9ef518a37a4c74f3,published,
vacancy,H4,vacant_housing_units,Vacant housing units,06085,Santa Clara,2024,2024-12-31,annual five-year estimate,39484.0,housing units,,CENSUS_ACS5_BULK,1,ACS5-2024-B25002,2026-08-08T18:25:52Z,f44fbe9531f25e9817fcf72c8cc22fff52af6f2494c57d4d9ef518a37a4c74f3,published,
vacancy,H4,vacant_housing_units,Vacant housing units,06095,Solano,2024,2024-12-31,annual five-year estimate,7181.0,housing units,,CENSUS_ACS5_BULK,1,ACS5-2024-B25002,2026-08-08T18:25:52Z,f44fbe9531f25e9817fcf72c8cc22fff52af6f2494c57d4d9ef518a37a4c74f3,published,
vacancy,H4,vacant_housing_units,Vacant housing units,06097,Sonoma,2024,2024-12-31,annual five-year estimate,16701.0,housing units,,CENSUS_ACS5_BULK,1,ACS5-2024-B25002,2026-08-08T18:25:52Z,f44fbe9531f25e9817fcf72c8cc22fff52af6f2494c57d4d9ef518a37a4c74f3,published,
